task_id,task_date,city,organisation_unit,task_type,execution_mode,minutes_spent,errors_found,human_review,outcome,confidence_rating,staff_sentiment,comment,tool_version
TASK-0001,2026-01-01,Copenhagen,Finance,Data Entry,Manual,41.3,2,No,Completed,3.5,Neutral,The task was faster but still needed human review.,v1.0
TASK-0002,2026-01-04,Aalborg,Finance,Data Entry,Automated,15.6,1,Yes,Completed,3.9,Neutral,Staff did not trust the first suggestion.,v1.1
TASK-0003,2026-01-07,Odense,Finance,Data Entry,AI-assisted,28.7,3,Yes,Completed,3.0,Neutral,No error was found after review.,v1.2
TASK-0004,2026-01-10,Aarhus,Finance,Data Entry,Manual,40.5,0,No,Completed,4.3,Positive,The automated step failed and required manual work.,v1.0
TASK-0005,2026-01-13,Copenhagen,Finance,Document Check,Automated,25.3,1,Yes,Completed,3.4,Neutral,The result was clear and useful.,v1.1
TASK-0006,2026-01-16,Aalborg,Citizen Services,Document Check,AI-assisted,23.7,0,Yes,Completed,4.2,Positive,Human review caught an important error.,v1.2
TASK-0007,2026-01-19, aalborg ,Citizen Services,Document Check,Manual,52.6,1,No,Completed,3.9,Neutral,The process was faster and staff felt positive.,v1.0
TASK-0008,2026-01-22,Aarhus,Citizen Services,Document Check,Automated,14.1,3,Yes,Completed,3.0,Neutral,The tool was not suitable for this exception.,v1.1
TASK-0009,2026-01-25,Copenhagen,Citizen Services,Scheduling,AI-assisted,27.4,1,Yes,Completed,3.9,Neutral,The task was faster but still needed human review.,v1.2
TASK-0010,2026-01-01,Aalborg,Citizen Services,Scheduling,Automated,36.8,1,Yes,Completed,3.8,Neutral,Staff did not trust the first suggestion.,v1.0
TASK-0011,2026-01-04,Odense,HR,Scheduling,AI-assisted,32.8,1,Yes,Completed,3.3,Neutral,No error was found after review.,v1.1
TASK-0012,2026-01-07,Aarhus,HR,Scheduling,Manual,71.7,3,No,Completed,3.6,Neutral,The automated step failed and required manual work.,v1.2
TASK-0013,2026-01-10,Copenhagen,finance ,Status Update,Automated,25.7,1,Yes,Completed,4.0,Positive,The result was clear and useful.,v1.0
TASK-0014,2026-01-13,Aalborg,HR,Status Update,AI-assisted,26.9,3,Yes,Completed,3.2,Neutral,,v1.1
TASK-0015,2026-01-16,Odense,HR,Status Update,Manual,57.0,2,No,Completed,4.8,Positive,The process was faster and staff felt positive.,v1.2
TASK-0016,2026-01-19,Aarhus,Procurement,Status Update,Automated,20.6,1,Yes,Completed,4.0,Positive,The tool was not suitable for this exception.,v1.0
TASK-0017,2026-01-22,Copenhagen,Procurement,Email Triage,AI-assisted,18.6,1,Yes,Completed,3.8,Neutral,The task was faster but still needed human review.,v1.1
TASK-0018,2026-01-25,Aalborg,Procurement,Email Triage,Manual,59.9,0,No,Completed,4.3,Positive,Staff did not trust the first suggestion.,v1.2
TASK-0019,2026-01-01,Odense,Procurement,data entry,AI-assisted,25.5,2,Yes,Completed,3.6,Neutral,No error was found after review.,v1.0
TASK-0020,2026-01-04,Aarhus,Procurement,Email Triage,Manual,25.8,2,No,Completed,3.6,Neutral,The automated step failed and required manual work.,v1.1
TASK-0020,2026-02-07,Copenhagen,Communications,Data Entry,Automated,25.2,3,Yes,Completed,2.8,Concerned,The result was clear and useful.,v1.2
TASK-0022,2026-02-10,Aalborg,Communications,Data Entry,AI-assisted,35.6,3,Yes,Completed,3.2,Neutral,Human review caught an important error.,v1.0
TASK-0023,2026-02-13,Odense,Communications,Data Entry,Manual,44.4,1,No,Completed,3.5,Neutral,The process was faster and staff felt positive.,v1.1
TASK-0024,2026-02-16,Aarhus,Communications,Data Entry,Automated,21.8,1,Yes,Completed,4.5,Positive,The tool was not suitable for this exception.,v1.2
TASK-0025,2026-02-19,Copenhagen,Communications,Document Check,auto,30.8,3,No,Completed,3.1,Neutral,The task was faster but still needed human review.,v1.0
TASK-0026,2026-02-22,Aalborg,Finance,Document Check,Manual,34.6,1,No,Completed,3.4,Neutral,Staff did not trust the first suggestion.,v1.1
TASK-0027,2026-02-25,Odense,Finance,Document Check,Automated,19.6,4,No,Needs correction,2.9,Concerned,No error was found after review.,v1.2
TASK-0028,2026-02-01,Aarhus,Finance,Document Check,Manual,41.0,1,No,Completed,3.2,Neutral,The automated step failed and required manual work.,v1.0
TASK-0029,2026-02-04,Copenhagen,Finance,Scheduling,Automated,13.2,0,Yes,Completed,4.5,Positive,The result was clear and useful.,v1.1
TASK-0030,2026-02-07,Aalborg,Finance,Scheduling,AI-assisted,2.0,1,No,Completed,4.0,Positive,Human review caught an important error.,v1.2
TASK-0031,2026-02-10,Odense,Citizen Services,Scheduling,AI assisted,31.3,0,No,Completed,4.1,Positive,The process was faster and staff felt positive.,v1.0
TASK-0032,2026-02-13,Aarhus,Citizen Services,Scheduling,Automated,12.4,2,Yes,Completed,4.1,Positive,The tool was not suitable for this exception.,v1.1
TASK-0033,2026-02-16,Copenhagen,Citizen Services,Status Update,AI-assisted,44.9,0,No,Completed,4.7,Positive,The task was faster but still needed human review.,v1.2
TASK-0034,2026-02-19,Aalborg,Citizen Services,Status Update,Manual,41.5,3,No,Completed,2.9,Concerned,Staff did not trust the first suggestion.,v1.0
TASK-0035,2026-02-22,Odense,Citizen Services,Status Update,Automated,28.7,3,Yes,Completed,2.6,Concerned,No error was found after review.,v1.1
TASK-0036,2026-02-25,Aarhus,HR,Status Update,AI-assisted,12.0,3,Yes,Completed,3.7,Neutral,The automated step failed and required manual work.,v1.2
TASK-0037,2026-02-01,Copenhagen,HR,Email Triage,Automated,8.0,1,Y,Completed,3.8,Neutral,The result was clear and useful.,v1.0
TASK-0038,2026-02-04,Aalborg,HR,Email Triage,AI-assisted,30.3,2,Yes,Completed,3.2,Neutral,Human review caught an important error.,v1.1
TASK-0039,2026-02-07,Odense,HR,Email Triage,Manual,48.1,0,No,Completed,3.6,Neutral,The process was faster and staff felt positive.,v1.2
TASK-0040,2026-02-10,Aarhus,HR,Email Triage,Automated,16.4,0,Yes,Completed,4.2,Positive,The tool was not suitable for this exception.,v1.0
TASK-0041,2026-03-13,Copenhagen,Procurement,Data Entry,AI-assisted,20.9,2,Yes,Completed,4.4,Positive,The task was faster but still needed human review.,v1.1
TASK-0042,2026-03-16,Aalborg,Procurement,Data Entry,Manual,43.2,1,No,Completed,3.3,Neutral,Staff did not trust the first suggestion.,v1.2
TASK-0043,2026-03-19,Odense,Procurement,Data Entry,Automated,26.1,0,Yes,Completed,4.7,concerned,No error was found after review.,v1.0
TASK-0044,2026-03-22,Aarhus,Procurement,Data Entry,AI-assisted,26.7,1,Yes,Completed,3.7,Neutral,The automated step failed and required manual work.,v1.1
TASK-0045,2026-03-25,Copenhagen,Procurement,Document Check,Manual,30.3,2,No,Completed,3.7,Neutral,The result was clear and useful.,v1.2
TASK-0046,2026-03-01,Aalborg,Communications,Document Check,AI-assisted,32.2,1,Yes,Completed,3.6,Neutral,Human review caught an important error.,v1.0
TASK-0047,2026-03-04,Odense,Communications,Document Check,Manual,46.4,2,No,Completed,3.3,Neutral,The process was faster and staff felt positive.,v1.1
TASK-0048,2026-03-07,Aarhus,Communications,Document Check,Automated,16.4,0,No,Completed,4.9,Positive,The tool was not suitable for this exception.,v1.2
TASK-0049,2026-02-30,Copenhagen,Communications,Scheduling,AI-assisted,12.0,0,No,Completed,3.9,Neutral,The task was faster but still needed human review.,v1.0
TASK-0050,2026-03-13,Aalborg,Communications,Scheduling,Manual,unknown,2,No,Completed,2.7,Concerned,Staff did not trust the first suggestion.,v1.1
TASK-0051,2026-03-16,Odense,Finance,Scheduling,Automated,-5,3,Yes,Completed,2.4,Concerned,No error was found after review.,v1.2
TASK-0052,2026-03-19,Aarhus,Finance,Scheduling,AI-assisted,19.7,-1,Yes,Completed,3.5,Neutral,The automated step failed and required manual work.,v1.0
TASK-0053,2026-03-22,Copenhagen,Finance,Status Update,Manual,39.8,3,No,Completed,7.0,Neutral,The result was clear and useful.,v1.1
TASK-0054,2026-03-25,Aalborg,Finance,Status Update,Automated,13.9,7,No,Needs correction,3.8,Neutral,Human review caught an important error.,v1.2
TASK-0055,2026-03-01,Odense,Finance,Status Update,Manual,48.7,1,No,Completed,3.7,Neutral,The process was faster and staff felt positive.,v1.0
TASK-0056,2026-03-04,Aarhus,Citizen Services,Status Update,Automated,20.3,3,No,Completed,2.7,Concerned,The tool was not suitable for this exception.,v1.1
TASK-0057,2026-03-07,Copenhagen,Citizen Services,Email Triage,AI-assisted,36.7,3,Yes,Completed,3.2,Neutral,The task was faster but still needed human review.,v1.2
TASK-0058,2026-03-10,Aalborg,Citizen Services,Email Triage,Manual,32.9,3,No,Completed,2.5,Concerned,Staff did not trust the first suggestion.,v1.0
TASK-0059,2026-03-13,Odense,Citizen Services,Email Triage,Automated,19.5,2,No,Completed,3.9,Neutral,No error was found after review.,v1.1
TASK-0060,2026-03-16,Aarhus,Citizen Services,Email Triage,AI-assisted,26.1,1,No,Completed,3.6,Neutral,The automated step failed and required manual work.,v1.2
TASK-0061,2026-04-19,Copenhagen,HR,Data Entry,Manual,49.3,0,No,Completed,4.3,Positive,The result was clear and useful.,v1.0
TASK-0062,2026-04-22,Aalborg,HR,Data Entry,Automated,29.1,2,Yes,Completed,3.4,Neutral,Human review caught an important error.,v1.1
TASK-0063,2026-04-25,Odense,HR,Data Entry,AI-assisted,22.6,0,Yes,Completed,4.7,Positive,The process was faster and staff felt positive.,v1.2
TASK-0064,2026-04-01,Aarhus,HR,Data Entry,Automated,34.1,4,Yes,Needs correction,2.8,Concerned,The tool was not suitable for this exception.,v1.0
TASK-0065,2026-04-04,Copenhagen,HR,Document Check,AI-assisted,23.1,4,Yes,Needs correction,2.3,Concerned,The task was faster but still needed human review.,v1.1
TASK-0066,2026-04-07,Aalborg,Procurement,Document Check,Manual,44.6,1,No,Completed,4.0,Positive,Staff did not trust the first suggestion.,v1.2
TASK-0067,2026-04-10,Odense,Procurement,Document Check,Automated,2.0,1,Yes,Completed,4.3,Positive,No error was found after review.,v1.0
TASK-0068,2026-04-13,Aarhus,Procurement,Document Check,AI-assisted,12.7,2,Yes,Completed,3.8,Neutral,The automated step failed and required manual work.,v1.1
TASK-0069,2026-04-16,Copenhagen,Procurement,Scheduling,Manual,65.0,0,No,Completed,4.0,Positive,The result was clear and useful.,v1.2
TASK-0070,2026-04-19,Aalborg,Procurement,Scheduling,Automated,18.6,1,No,Completed,3.5,Neutral,Human review caught an important error.,v1.0
TASK-0071,2026-04-22,Odense,Communications,Scheduling,AI-assisted,13.9,3,Yes,Completed,2.3,Concerned,The process was faster and staff felt positive.,v1.1
TASK-0072,2026-04-25,Aarhus,Communications,Scheduling,Manual,60.0,1,No,Completed,4.1,Positive,The tool was not suitable for this exception.,v1.2
TASK-0073,2026-04-01,Copenhagen,Communications,Status Update,AI-assisted,47.0,2,Yes,Completed,4.1,Positive,The task was faster but still needed human review.,v1.0
TASK-0074,2026-04-04,Aalborg,Communications,Status Update,Manual,42.3,0,No,Completed,4.8,Positive,Staff did not trust the first suggestion.,v1.1
TASK-0075,2026-04-07,Odense,Communications,Status Update,Automated,30.4,2,Yes,Completed,2.9,Concerned,No error was found after review.,v1.2
TASK-0076,2026-04-10,Aarhus,Finance,Status Update,AI-assisted,48.0,2,No,Completed,3.6,Neutral,The automated step failed and required manual work.,v1.0
TASK-0077,2026-04-13,Copenhagen,Finance,Email Triage,Manual,44.0,2,No,Completed,2.6,Concerned,The result was clear and useful.,v1.1
TASK-0078,2026-04-16,Aalborg,Finance,Email Triage,Automated,15.0,2,Yes,Completed,3.3,Neutral,Human review caught an important error.,v1.2
TASK-0079,2026-04-19,Odense,Finance,Email Triage,AI-assisted,39.0,3,Yes,Completed,3.2,Neutral,The process was faster and staff felt positive.,v1.0
TASK-0080,2026-04-22,Aarhus,Finance,Email Triage,Manual,48.2,1,No,Completed,4.1,Positive,The tool was not suitable for this exception.,v1.1
TASK-0081,2026-05-25,Copenhagen,Citizen Services,Data Entry,Automated,29.6,3,Yes,Completed,3.2,Neutral,The task was faster but still needed human review.,v1.2
TASK-0082,2026-05-01,Aalborg,Citizen Services,Data Entry,Manual,56.6,2,No,Completed,3.6,Neutral,Staff did not trust the first suggestion.,v1.0
TASK-0083,2026-05-04,Odense,Citizen Services,Data Entry,Automated,16.4,1,No,Completed,3.0,Neutral,No error was found after review.,v1.1
TASK-0084,2026-05-07,Aarhus,Citizen Services,Data Entry,AI-assisted,24.4,3,Yes,Completed,2.3,Concerned,The automated step failed and required manual work.,v1.2
TASK-0085,2026-05-10,Copenhagen,Citizen Services,Document Check,Manual,35.5,2,No,Completed,3.6,Neutral,The result was clear and useful.,v1.0
TASK-0086,2026-05-13,Aalborg,HR,Document Check,Automated,20.6,6,Yes,Needs correction,1.5,Concerned,Human review caught an important error.,v1.1
TASK-0087,2026-05-16,Odense,HR,Document Check,AI-assisted,2.0,2,Yes,Completed,3.2,Neutral,The process was faster and staff felt positive.,v1.2
TASK-0088,2026-05-19,Aarhus,HR,Document Check,Manual,31.1,1,No,Completed,4.3,Positive,The tool was not suitable for this exception.,v1.0
TASK-0089,2026-05-22,Copenhagen,HR,Scheduling,Automated,20.0,2,Yes,Completed,3.3,Neutral,The task was faster but still needed human review.,v1.1
TASK-0090,2026-05-25,Aalborg,HR,Scheduling,AI-assisted,36.4,1,Yes,Completed,4.2,Positive,Staff did not trust the first suggestion.,v1.2
TASK-0091,2026-05-01,Odense,Procurement,Scheduling,Automated,34.2,2,Yes,Completed,3.7,Neutral,No error was found after review.,v1.0
TASK-0092,2026-05-04,Aarhus,Procurement,Scheduling,AI-assisted,26.7,1,Yes,Completed,3.7,Neutral,The automated step failed and required manual work.,v1.1
TASK-0093,2026-05-07,Copenhagen,Procurement,Status Update,Manual,38.0,1,No,Completed,3.6,Neutral,The result was clear and useful.,v1.2
TASK-0094,2026-05-10,Aalborg,Procurement,Status Update,Automated,2.4,1,Yes,Completed,3.8,Neutral,Human review caught an important error.,v1.0
TASK-0095,2026-05-13,Odense,Procurement,Status Update,AI-assisted,34.1,2,Yes,Completed,3.1,Neutral,The process was faster and staff felt positive.,v1.1
TASK-0096,2026-05-16,Aarhus,Communications,Status Update,Manual,55.7,3,No,Completed,3.0,Neutral,The tool was not suitable for this exception.,v1.2
TASK-0097,2026-05-19,Copenhagen,Communications,Email Triage,Automated,12.7,4,No,Needs correction,1.9,Concerned,The task was faster but still needed human review.,v1.0
TASK-0098,2026-05-22,Aalborg,Communications,Email Triage,AI-assisted,33.6,5,Yes,Needs correction,1.9,Concerned,Staff did not trust the first suggestion.,v1.1
TASK-0099,2026-05-25,Odense,Communications,Email Triage,Manual,47.4,3,No,Completed,3.1,Neutral,No error was found after review.,v1.2
TASK-0100,2026-05-01,Aarhus,Communications,Email Triage,AI-assisted,24.3,4,No,Needs correction,2.1,Concerned,The automated step failed and required manual work.,v1.0
TASK-0101,2026-06-04,Copenhagen,Finance,Data Entry,Manual,47.4,3,No,Completed,2.7,Concerned,The result was clear and useful.,v1.1
TASK-0102,2026-06-07,Aalborg,Finance,Data Entry,Automated,14.6,0,Yes,Completed,4.6,Positive,Human review caught an important error.,v1.2
TASK-0103,2026-06-10,Odense,Finance,Data Entry,AI-assisted,30.0,0,Yes,Completed,5.0,Positive,The process was faster and staff felt positive.,v1.0
TASK-0104,2026-06-13,Aarhus,Finance,Data Entry,Manual,48.8,1,No,Completed,4.1,Positive,The tool was not suitable for this exception.,v1.1
TASK-0105,2026-06-16,Copenhagen,Finance,Document Check,Automated,20.1,1,Yes,Completed,3.5,Neutral,The task was faster but still needed human review.,v1.2
TASK-0106,2026-06-19,Aalborg,Citizen Services,Document Check,AI-assisted,12.8,2,Yes,Completed,3.1,Neutral,Staff did not trust the first suggestion.,v1.0
TASK-0107,2026-06-22,Odense,Citizen Services,Document Check,Manual,80.7,3,No,Completed,2.5,Concerned,No error was found after review.,v1.1
TASK-0108,2026-06-25,Aarhus,Citizen Services,Document Check,Automated,14.8,4,Yes,Needs correction,2.8,Concerned,The automated step failed and required manual work.,v1.2
TASK-0109,2026-06-01,Copenhagen,Citizen Services,Scheduling,Manual,39.3,4,No,Needs correction,2.4,Concerned,The result was clear and useful.,v1.0
TASK-0110,2026-06-04,Aalborg,Citizen Services,Scheduling,Automated,25.0,4,Yes,Needs correction,1.7,Concerned,Human review caught an important error.,v1.1
TASK-0111,2026-06-07,Odense,HR,Scheduling,AI-assisted,20.5,1,No,Completed,4.1,Positive,The process was faster and staff felt positive.,v1.2
TASK-0112,2026-06-10,Aarhus,HR,Scheduling,Manual,56.9,0,No,Completed,4.7,Positive,The tool was not suitable for this exception.,v1.0
TASK-0113,2026-06-13,Copenhagen,HR,Status Update,Automated,25.2,3,No,Completed,3.5,Neutral,The task was faster but still needed human review.,v1.1
TASK-0114,2026-06-16,Aalborg,HR,Status Update,AI-assisted,33.1,4,Yes,Needs correction,2.4,Concerned,Staff did not trust the first suggestion.,v1.2
TASK-0115,2026-06-19,Odense,HR,Status Update,Manual,30.1,3,No,Completed,2.7,Concerned,No error was found after review.,v1.0
TASK-0116,2026-06-22,Aarhus,Procurement,Status Update,Automated,36.3,3,Yes,Completed,2.4,Concerned,The automated step failed and required manual work.,v1.1
TASK-0117,2026-06-25,Copenhagen,Procurement,Email Triage,AI-assisted,30.5,0,Yes,Completed,4.7,Positive,The result was clear and useful.,v1.2
TASK-0118,2026-06-01,Aalborg,Procurement,Email Triage,Automated,15.6,1,Yes,Completed,4.2,Positive,Human review caught an important error.,v1.0
TASK-0119,2026-06-04,Odense,Procurement,Email Triage,AI-assisted,36.5,2,No,Completed,3.5,Neutral,The process was faster and staff felt positive.,v1.1
TASK-0120,2026-06-07,Aarhus,Procurement,Email Triage,Manual,45.2,2,No,Completed,3.4,Neutral,The tool was not suitable for this exception.,v1.2
TASK-0121,2026-01-10,Copenhagen,Communications,Data Entry,Automated,24.8,4,Yes,Needs correction,2.0,Concerned,The task was faster but still needed human review.,v1.0
TASK-0122,2026-01-13,Aalborg,Communications,Data Entry,AI-assisted,33.9,0,Yes,Completed,3.9,Neutral,Staff did not trust the first suggestion.,v1.1
TASK-0123,2026-01-16,Odense,Communications,Data Entry,Manual,43.8,1,No,Completed,3.6,Neutral,No error was found after review.,v1.2
TASK-0124,2026-01-19,Aarhus,Communications,Data Entry,Automated,4.8,2,No,Completed,4.1,Positive,The automated step failed and required manual work.,v1.0
TASK-0125,2026-01-22,Copenhagen,Communications,Document Check,AI-assisted,27.0,2,No,Completed,3.5,Neutral,The result was clear and useful.,v1.1
TASK-0126,2026-01-25,Aalborg,Finance,Document Check,Manual,32.9,0,No,Completed,4.3,Positive,Human review caught an important error.,v1.2
TASK-0127,2026-01-01,Odense,Finance,Document Check,AI-assisted,13.1,2,Yes,Completed,3.5,Neutral,The process was faster and staff felt positive.,v1.0
TASK-0128,2026-01-04,Aarhus,Finance,Document Check,Manual,53.2,1,No,Completed,3.5,Neutral,The tool was not suitable for this exception.,v1.1
TASK-0129,2026-01-07,Copenhagen,Finance,Scheduling,Automated,11.1,2,Yes,Completed,3.5,Neutral,The task was faster but still needed human review.,v1.2
TASK-0130,2026-01-10,Aalborg,Finance,Scheduling,AI-assisted,24.5,0,Yes,Completed,5.0,Positive,Staff did not trust the first suggestion.,v1.0
TASK-0131,2026-01-13,Odense,Citizen Services,Scheduling,Manual,43.8,0,No,Completed,3.9,Neutral,No error was found after review.,v1.1
TASK-0132,2026-01-16,Aarhus,Citizen Services,Scheduling,Automated,4.3,0,Yes,Completed,4.2,Positive,The automated step failed and required manual work.,v1.2
TASK-0133,2026-01-19,Copenhagen,Citizen Services,Status Update,AI-assisted,32.4,3,Yes,Completed,3.8,Neutral,The result was clear and useful.,v1.0
TASK-0134,2026-01-22,Aalborg,Citizen Services,Status Update,Manual,56.7,1,No,Completed,3.8,Neutral,Human review caught an important error.,v1.1
TASK-0135,2026-01-25,Odense,Citizen Services,Status Update,Automated,27.8,4,Yes,Needs correction,2.5,Concerned,The process was faster and staff felt positive.,v1.2
TASK-0136,2026-01-01,Aarhus,HR,Status Update,Manual,57.5,0,No,Completed,4.4,Positive,The tool was not suitable for this exception.,v1.0
TASK-0137,2026-01-04,Copenhagen,HR,Email Triage,Automated,31.7,3,Yes,Completed,3.1,Neutral,The task was faster but still needed human review.,v1.1
TASK-0138,2026-01-07,Aalborg,HR,Email Triage,AI-assisted,30.8,2,No,Completed,3.6,Neutral,Staff did not trust the first suggestion.,v1.2
TASK-0139,2026-01-10,Odense,HR,Email Triage,Manual,53.0,0,No,Completed,4.3,Positive,No error was found after review.,v1.0
TASK-0140,2026-01-13,Aarhus,HR,Email Triage,Automated,2.0,1,Yes,Completed,4.2,Positive,The automated step failed and required manual work.,v1.1
TASK-0141,2026-02-16,Copenhagen,Procurement,Data Entry,AI-assisted,32.5,2,Yes,Completed,2.9,Concerned,The result was clear and useful.,v1.2
TASK-0142,2026-02-19,Aalborg,Procurement,Data Entry,Manual,45.3,0,No,Completed,4.3,Positive,Human review caught an important error.,v1.0
TASK-0143,2026-02-22,Odense,Procurement,Data Entry,Automated,19.8,2,No,Completed,3.0,Neutral,The process was faster and staff felt positive.,v1.1
TASK-0144,2026-02-25,Aarhus,Procurement,Data Entry,AI-assisted,32.6,3,Yes,Completed,2.8,Concerned,The tool was not suitable for this exception.,v1.2
TASK-0145,2026-02-01,Copenhagen,Procurement,Document Check,Automated,10.6,0,No,Completed,3.7,Neutral,The task was faster but still needed human review.,v1.0
TASK-0146,2026-02-04,Aalborg,Communications,Document Check,AI-assisted,25.5,3,No,Completed,2.7,Concerned,Staff did not trust the first suggestion.,v1.1
TASK-0147,2026-02-07,Odense,Communications,Document Check,Manual,61.3,3,No,Completed,3.0,Neutral,No error was found after review.,v1.2
TASK-0148,2026-02-10,Aarhus,Communications,Document Check,Automated,2.0,3,Yes,Completed,2.5,Concerned,The automated step failed and required manual work.,v1.0
TASK-0149,2026-02-13,Copenhagen,Communications,Scheduling,AI-assisted,33.1,4,Yes,Needs correction,2.2,Concerned,The result was clear and useful.,v1.1
TASK-0150,2026-02-16,Aalborg,Communications,Scheduling,Manual,44.8,1,No,Completed,4.0,Positive,Human review caught an important error.,v1.2
TASK-0151,2026-02-19,Odense,Finance,Scheduling,Automated,15.0,0,No,Completed,5.0,Positive,The process was faster and staff felt positive.,v1.0
TASK-0152,2026-02-22,Aarhus,Finance,Scheduling,AI-assisted,37.9,2,Yes,Completed,3.6,Neutral,The tool was not suitable for this exception.,v1.1
TASK-0153,2026-02-25,Copenhagen,Finance,Status Update,Manual,37.1,4,No,Needs correction,2.4,Concerned,The task was faster but still needed human review.,v1.2
TASK-0154,2026-02-01,Aalborg,Finance,Status Update,AI-assisted,26.5,0,Yes,Completed,4.3,Positive,Staff did not trust the first suggestion.,v1.0
TASK-0155,2026-02-04,Odense,Finance,Status Update,Manual,40.9,0,No,Completed,3.8,Neutral,No error was found after review.,v1.1
TASK-0156,2026-02-07,Aarhus,Citizen Services,Status Update,Automated,29.4,1,Yes,Completed,4.6,Positive,The automated step failed and required manual work.,v1.2
TASK-0157,2026-02-10,Copenhagen,Citizen Services,Email Triage,AI-assisted,21.9,3,Yes,Completed,3.4,Neutral,The result was clear and useful.,v1.0
TASK-0158,2026-02-13,Aalborg,Citizen Services,Email Triage,Manual,36.0,4,No,Needs correction,2.1,Concerned,Human review caught an important error.,v1.1
TASK-0159,2026-02-16,Odense,Citizen Services,Email Triage,Automated,10.6,3,No,Completed,3.3,Neutral,The process was faster and staff felt positive.,v1.2
TASK-0160,2026-02-19,Aarhus,Citizen Services,Email Triage,AI-assisted,28.5,1,Yes,Completed,4.0,Positive,The tool was not suitable for this exception.,v1.0
TASK-0161,2026-03-22,Copenhagen,HR,Data Entry,Manual,42.1,2,No,Completed,3.6,Neutral,The task was faster but still needed human review.,v1.1
TASK-0162,2026-03-25,Aalborg,HR,Data Entry,Automated,9.6,3,Yes,Completed,3.3,Neutral,Staff did not trust the first suggestion.,v1.2
TASK-0163,2026-03-01,Odense,HR,Data Entry,Manual,35.1,0,No,Completed,5.0,Positive,No error was found after review.,v1.0
TASK-0164,2026-03-04,Aarhus,HR,Data Entry,Automated,2.0,3,Yes,Completed,2.9,Concerned,The automated step failed and required manual work.,v1.1
TASK-0165,2026-03-07,Copenhagen,HR,Document Check,AI-assisted,35.2,3,No,Completed,2.3,Concerned,The result was clear and useful.,v1.2
TASK-0166,2026-03-10,Aalborg,Procurement,Document Check,Manual,34.8,3,No,Completed,3.0,Neutral,Human review caught an important error.,v1.0
TASK-0167,2026-03-13,Odense,Procurement,Document Check,Automated,20.3,0,Yes,Completed,4.1,Positive,The process was faster and staff felt positive.,v1.1
TASK-0168,2026-03-16,Aarhus,Procurement,Document Check,AI-assisted,33.6,1,Yes,Completed,3.8,Neutral,The tool was not suitable for this exception.,v1.2
TASK-0169,2026-03-19,Copenhagen,Procurement,Scheduling,Manual,36.1,2,No,Completed,3.3,Neutral,The task was faster but still needed human review.,v1.0
TASK-0170,2026-03-22,Aalborg,Procurement,Scheduling,Automated,2.0,2,No,Completed,3.1,Neutral,Staff did not trust the first suggestion.,v1.1
TASK-0171,2026-03-25,Odense,Communications,Scheduling,AI-assisted,19.7,3,No,Completed,2.3,Concerned,No error was found after review.,v1.2
TASK-0172,2026-03-01,Aarhus,Communications,Scheduling,Automated,18.0,3,Yes,Completed,2.8,Concerned,The automated step failed and required manual work.,v1.0
TASK-0173,2026-03-04,Copenhagen,Communications,Status Update,AI-assisted,21.1,3,Yes,Completed,3.8,Neutral,The result was clear and useful.,v1.1
TASK-0174,2026-03-07,Aalborg,Communications,Status Update,Manual,46.8,0,No,Completed,4.8,Positive,Human review caught an important error.,v1.2
TASK-0175,2026-03-10,Odense,Communications,Status Update,Automated,24.0,2,Yes,Completed,3.6,Neutral,The process was faster and staff felt positive.,v1.0
TASK-0176,2026-03-13,Aarhus,Finance,Status Update,AI-assisted,28.4,1,Yes,Completed,4.1,Positive,The tool was not suitable for this exception.,v1.1
TASK-0177,2026-03-16,Copenhagen,Finance,Email Triage,Manual,40.2,0,No,Completed,3.4,Neutral,The task was faster but still needed human review.,v1.2
TASK-0178,2026-03-19,Aalborg,Finance,Email Triage,Automated,35.4,2,No,Completed,3.0,Neutral,Staff did not trust the first suggestion.,v1.0
TASK-0179,2026-03-22,Odense,Finance,Email Triage,AI-assisted,45.8,1,No,Completed,4.2,Positive,No error was found after review.,v1.1
TASK-0180,2026-03-25,Aarhus,Finance,Email Triage,Manual,47.1,0,No,Completed,3.6,Neutral,The automated step failed and required manual work.,v1.2
TASK-0181,2026-04-01,Copenhagen,Citizen Services,Data Entry,AI-assisted,27.2,2,No,Completed,3.2,Neutral,The result was clear and useful.,v1.0
TASK-0182,2026-04-04,Aalborg,Citizen Services,Data Entry,Manual,45.4,0,No,Completed,3.9,Neutral,Human review caught an important error.,v1.1
TASK-0183,2026-04-07,Odense,Citizen Services,Data Entry,Automated,38.8,3,Yes,Completed,3.1,Neutral,The process was faster and staff felt positive.,v1.2
TASK-0184,2026-04-10,Aarhus,Citizen Services,Data Entry,AI-assisted,21.0,3,Yes,Completed,3.2,Neutral,The tool was not suitable for this exception.,v1.0
TASK-0185,2026-04-13,Copenhagen,Citizen Services,Document Check,Manual,30.0,1,No,Completed,4.3,Positive,The task was faster but still needed human review.,v1.1
TASK-0186,2026-04-16,Aalborg,HR,Document Check,Automated,10.2,2,No,Completed,4.3,Positive,Staff did not trust the first suggestion.,v1.2
TASK-0187,2026-04-19,Odense,HR,Document Check,AI-assisted,38.2,1,No,Completed,3.4,Neutral,No error was found after review.,v1.0
TASK-0188,2026-04-22,Aarhus,HR,Document Check,Manual,41.2,1,No,Completed,3.8,Neutral,The automated step failed and required manual work.,v1.1
TASK-0189,2026-04-25,Copenhagen,HR,Scheduling,Automated,19.0,2,No,Completed,3.0,Neutral,The result was clear and useful.,v1.2
TASK-0190,2026-04-01,Aalborg,HR,Scheduling,Manual,48.2,1,No,Completed,4.6,Positive,Human review caught an important error.,v1.0
TASK-0191,2026-04-04,Odense,Procurement,Scheduling,Automated,2.0,2,Yes,Completed,3.3,Neutral,The process was faster and staff felt positive.,v1.1
TASK-0192,2026-04-07,Aarhus,Procurement,Scheduling,AI-assisted,18.4,2,Yes,Completed,3.6,Neutral,The tool was not suitable for this exception.,v1.2
TASK-0193,2026-04-10,Copenhagen,Procurement,Status Update,Manual,53.6,2,No,Completed,3.2,Neutral,The task was faster but still needed human review.,v1.0
TASK-0194,2026-04-13,Aalborg,Procurement,Status Update,Automated,30.2,2,Yes,Completed,3.7,Neutral,Staff did not trust the first suggestion.,v1.1
TASK-0195,2026-04-16,Odense,Procurement,Status Update,AI-assisted,37.7,3,Yes,Completed,3.6,Neutral,No error was found after review.,v1.2
TASK-0196,2026-04-19,Aarhus,Communications,Status Update,Manual,34.3,4,No,Needs correction,2.3,Concerned,The automated step failed and required manual work.,v1.0
TASK-0197,2026-04-22,Copenhagen,Communications,Email Triage,Automated,24.0,1,Yes,Completed,3.6,Neutral,The result was clear and useful.,v1.1
TASK-0198,2026-04-25,Aalborg,Communications,Email Triage,AI-assisted,18.6,0,Yes,Completed,4.3,Positive,Human review caught an important error.,v1.2
TASK-0199,2026-04-01,Odense,Communications,Email Triage,Automated,13.6,4,Yes,Needs correction,2.0,Concerned,The process was faster and staff felt positive.,v1.0
TASK-0200,2026-04-04,Aarhus,Communications,Email Triage,AI-assisted,21.8,0,Yes,Completed,4.4,Positive,The tool was not suitable for this exception.,v1.1
TASK-0201,2026-05-07,Copenhagen,Finance,Data Entry,Manual,59.3,3,No,Completed,2.4,Concerned,The task was faster but still needed human review.,v1.2
TASK-0202,2026-05-10,Aalborg,Finance,Data Entry,Automated,10.8,1,Yes,Completed,3.6,Neutral,Staff did not trust the first suggestion.,v1.0
TASK-0203,2026-05-13,Odense,Finance,Data Entry,AI-assisted,22.8,2,Yes,Completed,4.3,Positive,No error was found after review.,v1.1
TASK-0204,2026-05-16,Aarhus,Finance,Data Entry,Manual,41.5,3,No,Completed,2.5,Concerned,The automated step failed and required manual work.,v1.2
TASK-0205,2026-05-19,Copenhagen,Finance,Document Check,Automated,16.8,2,No,Completed,3.5,Neutral,The result was clear and useful.,v1.0
TASK-0206,2026-05-22,Aalborg,Citizen Services,Document Check,AI-assisted,31.1,0,Yes,Completed,4.6,Positive,Human review caught an important error.,v1.1
TASK-0207,2026-05-25,Odense,Citizen Services,Document Check,Manual,35.3,0,No,Completed,4.4,Positive,The process was faster and staff felt positive.,v1.2
TASK-0208,2026-05-01,Aarhus,Citizen Services,Document Check,AI-assisted,11.9,3,Yes,Completed,3.2,Neutral,The tool was not suitable for this exception.,v1.0
TASK-0209,2026-05-04,Copenhagen,Citizen Services,Scheduling,Manual,38.5,1,No,Completed,3.6,Neutral,The task was faster but still needed human review.,v1.1
TASK-0210,2026-05-07,Aalborg,Citizen Services,Scheduling,Automated,23.8,2,Yes,Completed,3.2,Neutral,Staff did not trust the first suggestion.,v1.2
TASK-0211,2026-05-10,Odense,HR,Scheduling,AI-assisted,27.7,3,No,Completed,3.6,Neutral,No error was found after review.,v1.0
TASK-0212,2026-05-13,Aarhus,HR,Scheduling,Manual,42.1,0,No,Completed,4.1,Positive,The automated step failed and required manual work.,v1.1
TASK-0213,2026-05-16,Copenhagen,HR,Status Update,Automated,9.9,4,Yes,Needs correction,2.2,Concerned,The result was clear and useful.,v1.2
TASK-0214,2026-05-19,Aalborg,HR,Status Update,AI-assisted,20.3,3,Yes,Completed,2.7,Concerned,Human review caught an important error.,v1.0
TASK-0215,2026-05-22,Odense,HR,Status Update,Manual,57.7,3,No,Completed,2.3,Concerned,The process was faster and staff felt positive.,v1.1
TASK-0216,2026-05-25,Aarhus,Procurement,Status Update,Automated,24.6,4,No,Needs correction,2.2,Concerned,The tool was not suitable for this exception.,v1.2
TASK-0217,2026-05-01,Copenhagen,Procurement,Email Triage,Manual,46.8,5,No,Needs correction,1.3,Concerned,The task was faster but still needed human review.,v1.0
TASK-0218,2026-05-04,Aalborg,Procurement,Email Triage,Automated,11.8,2,Yes,Completed,3.6,Neutral,Staff did not trust the first suggestion.,v1.1
TASK-0219,2026-05-07,Odense,Procurement,Email Triage,AI-assisted,29.1,0,Yes,Completed,4.2,Positive,No error was found after review.,v1.2
TASK-0220,2026-05-10,Aarhus,Procurement,Email Triage,Manual,62.2,0,No,Completed,4.5,Positive,The automated step failed and required manual work.,v1.0
TASK-0221,2026-06-13,Copenhagen,Communications,Data Entry,Automated,17.0,0,Yes,Completed,4.9,Positive,The result was clear and useful.,v1.1
TASK-0222,2026-06-16,Aalborg,Communications,Data Entry,AI-assisted,31.7,3,No,Completed,3.3,Neutral,Human review caught an important error.,v1.2
TASK-0223,2026-06-19,Odense,Communications,Data Entry,Manual,50.7,2,No,Completed,3.7,Neutral,The process was faster and staff felt positive.,v1.0
TASK-0224,2026-06-22,Aarhus,Communications,Data Entry,Automated,38.2,3,No,Completed,3.4,Neutral,The tool was not suitable for this exception.,v1.1
TASK-0225,2026-06-25,Copenhagen,Communications,Document Check,AI-assisted,37.9,0,Yes,Completed,4.1,Positive,The task was faster but still needed human review.,v1.2
TASK-0226,2026-06-01,Aalborg,Finance,Document Check,Automated,11.5,3,Yes,Completed,3.1,Neutral,Staff did not trust the first suggestion.,v1.0
TASK-0227,2026-06-04,Odense,Finance,Document Check,AI-assisted,51.1,2,Yes,Completed,3.7,Neutral,No error was found after review.,v1.1
TASK-0228,2026-06-07,Aarhus,Finance,Document Check,Manual,63.5,4,No,Needs correction,1.9,Concerned,The automated step failed and required manual work.,v1.2
TASK-0229,2026-06-10,Copenhagen,Finance,Scheduling,Automated,18.4,4,Yes,Needs correction,2.8,Concerned,The result was clear and useful.,v1.0
TASK-0230,2026-06-13,Aalborg,Finance,Scheduling,AI-assisted,18.0,6,No,Needs correction,2.4,Concerned,Human review caught an important error.,v1.1
TASK-0231,2026-06-16,Odense,Citizen Services,Scheduling,Manual,47.7,5,No,Needs correction,1.8,Concerned,The process was faster and staff felt positive.,v1.2
TASK-0232,2026-06-19,Aarhus,Citizen Services,Scheduling,Automated,29.2,2,Yes,Completed,3.5,Neutral,The tool was not suitable for this exception.,v1.0
TASK-0233,2026-06-22,Copenhagen,Citizen Services,Status Update,AI-assisted,14.8,4,Yes,Needs correction,2.2,Concerned,The task was faster but still needed human review.,v1.1
TASK-0234,2026-06-25,Aalborg,Citizen Services,Status Update,Manual,41.8,4,No,Needs correction,1.7,Concerned,Staff did not trust the first suggestion.,v1.2
TASK-0235,2026-06-01,Odense,Citizen Services,Status Update,AI-assisted,44.5,4,Yes,Needs correction,2.1,Concerned,No error was found after review.,v1.0
TASK-0236,2026-06-04,Aarhus,HR,Status Update,Manual,39.5,2,No,Completed,2.5,Concerned,The automated step failed and required manual work.,v1.1
TASK-0237,2026-06-07,Copenhagen,HR,Email Triage,Automated,8.6,2,No,Completed,3.5,Neutral,The result was clear and useful.,v1.2
TASK-0238,2026-06-10,Aalborg,HR,Email Triage,AI-assisted,25.8,1,Yes,Completed,2.8,Concerned,Human review caught an important error.,v1.0
TASK-0239,2026-06-13,Odense,HR,Email Triage,Manual,42.7,3,No,Completed,2.5,Concerned,The process was faster and staff felt positive.,v1.1
TASK-0240,2026-06-16,Aarhus,HR,Email Triage,Automated,8.9,2,No,Completed,3.0,Neutral,The tool was not suitable for this exception.,v1.2
TASK-0241,2026-01-19,Copenhagen,Procurement,Data Entry,AI-assisted,24.0,4,No,Needs correction,2.6,Concerned,The task was faster but still needed human review.,v1.0
TASK-0242,2026-01-22,Aalborg,Procurement,Data Entry,Manual,32.2,1,No,Completed,4.2,Positive,Staff did not trust the first suggestion.,v1.1
TASK-0243,2026-01-25,Odense,Procurement,Data Entry,Automated,7.2,4,No,Needs correction,2.0,Concerned,No error was found after review.,v1.2
TASK-0244,2026-01-01,Aarhus,Procurement,Data Entry,Manual,43.4,4,No,Needs correction,2.4,Concerned,The automated step failed and required manual work.,v1.0
TASK-0245,2026-01-04,Copenhagen,Procurement,Document Check,Automated,26.1,2,Yes,Completed,3.8,Neutral,The result was clear and useful.,v1.1
TASK-0246,2026-01-07,Aalborg,Communications,Document Check,AI-assisted,33.9,1,Yes,Completed,3.9,Neutral,Human review caught an important error.,v1.2
TASK-0247,2026-01-10,Odense,Communications,Document Check,Manual,44.8,3,No,Completed,3.0,Neutral,The process was faster and staff felt positive.,v1.0
TASK-0248,2026-01-13,Aarhus,Communications,Document Check,Automated,5.6,4,Yes,Needs correction,1.8,Concerned,The tool was not suitable for this exception.,v1.1
TASK-0249,2026-01-16,Copenhagen,Communications,Scheduling,AI-assisted,14.0,3,Yes,Completed,3.0,Neutral,The task was faster but still needed human review.,v1.2
TASK-0250,2026-01-19,Aalborg,Communications,Scheduling,Manual,43.0,0,No,Completed,4.1,Positive,Staff did not trust the first suggestion.,v1.0
TASK-0251,2026-01-22,Odense,Finance,Scheduling,Automated,11.7,3,Yes,Completed,3.8,Neutral,No error was found after review.,v1.1
TASK-0252,2026-01-25,Aarhus,Finance,Scheduling,AI-assisted,20.9,3,Yes,Completed,2.9,Concerned,The automated step failed and required manual work.,v1.2
TASK-0253,2026-01-01,Copenhagen,Finance,Status Update,Automated,25.0,3,Yes,Completed,3.4,Neutral,The result was clear and useful.,v1.0
TASK-0254,2026-01-04,Aalborg,Finance,Status Update,AI-assisted,43.0,3,Yes,Completed,2.3,Concerned,Human review caught an important error.,v1.1
TASK-0255,2026-01-07,Odense,Finance,Status Update,Manual,47.5,2,No,Completed,3.4,Neutral,The process was faster and staff felt positive.,v1.2
TASK-0256,2026-01-10,Aarhus,Citizen Services,Status Update,Automated,19.1,4,No,Needs correction,2.3,Concerned,The tool was not suitable for this exception.,v1.0
TASK-0257,2026-01-13,Copenhagen,Citizen Services,Email Triage,AI-assisted,32.4,1,No,Completed,3.3,Neutral,The task was faster but still needed human review.,v1.1
TASK-0258,2026-01-16,Aalborg,Citizen Services,Email Triage,Manual,60.2,2,No,Completed,3.4,Neutral,Staff did not trust the first suggestion.,v1.2
TASK-0259,2026-01-19,Odense,Citizen Services,Email Triage,Automated,28.2,2,Yes,Completed,3.5,Neutral,No error was found after review.,v1.0
TASK-0260,2026-01-22,Aarhus,Citizen Services,Email Triage,AI-assisted,18.6,1,Yes,Completed,4.2,Positive,The automated step failed and required manual work.,v1.1
TASK-0261,2026-02-25,Copenhagen,HR,Data Entry,Manual,59.5,0,No,Completed,4.0,Positive,The result was clear and useful.,v1.2
TASK-0262,2026-02-01,Aalborg,HR,Data Entry,AI-assisted,34.7,2,No,Completed,3.8,Neutral,Human review caught an important error.,v1.0
TASK-0263,2026-02-04,Odense,HR,Data Entry,Manual,57.8,5,No,Needs correction,1.6,Concerned,The process was faster and staff felt positive.,v1.1
TASK-0264,2026-02-07,Aarhus,HR,Data Entry,Automated,30.1,3,Yes,Completed,3.1,Neutral,The tool was not suitable for this exception.,v1.2
TASK-0265,2026-02-10,Copenhagen,HR,Document Check,AI-assisted,40.2,2,Yes,Completed,2.6,Concerned,The task was faster but still needed human review.,v1.0
TASK-0266,2026-02-13,Aalborg,Procurement,Document Check,Manual,58.1,1,No,Completed,3.9,Neutral,Staff did not trust the first suggestion.,v1.1
TASK-0267,2026-02-16,Odense,Procurement,Document Check,Automated,6.8,4,Yes,Needs correction,2.4,Concerned,No error was found after review.,v1.2
TASK-0268,2026-02-19,Aarhus,Procurement,Document Check,AI-assisted,32.2,2,Yes,Completed,3.5,Neutral,The automated step failed and required manual work.,v1.0
TASK-0269,2026-02-22,Copenhagen,Procurement,Scheduling,Manual,43.4,1,No,Completed,3.7,Neutral,The result was clear and useful.,v1.1
TASK-0270,2026-02-25,Aalborg,Procurement,Scheduling,Automated,22.2,3,Yes,Completed,2.8,Concerned,Human review caught an important error.,v1.2
TASK-0271,2026-02-01,Odense,Communications,Scheduling,Manual,37.5,2,No,Completed,3.7,Neutral,The process was faster and staff felt positive.,v1.0
TASK-0272,2026-02-04,Aarhus,Communications,Scheduling,Automated,2.0,4,No,Needs correction,2.9,Concerned,The tool was not suitable for this exception.,v1.1
TASK-0273,2026-02-07,Copenhagen,Communications,Status Update,AI-assisted,44.9,3,Yes,Completed,2.5,Concerned,The task was faster but still needed human review.,v1.2
TASK-0274,2026-02-10,Aalborg,Communications,Status Update,Manual,24.9,3,No,Completed,2.9,Concerned,Staff did not trust the first suggestion.,v1.0
TASK-0275,2026-02-13,Odense,Communications,Status Update,Automated,12.6,2,No,Completed,3.2,Neutral,No error was found after review.,v1.1
TASK-0276,2026-02-16,Aarhus,Finance,Status Update,AI-assisted,32.5,3,Yes,Completed,3.2,Neutral,The automated step failed and required manual work.,v1.2
TASK-0277,2026-02-19,Copenhagen,Finance,Email Triage,Manual,54.4,1,No,Completed,4.2,Positive,The result was clear and useful.,v1.0
TASK-0278,2026-02-22,Aalborg,Finance,Email Triage,Automated,8.0,5,Yes,Needs correction,1.6,Concerned,Human review caught an important error.,v1.1
TASK-0279,2026-02-25,Odense,Finance,Email Triage,AI-assisted,33.6,4,Yes,Needs correction,2.9,Concerned,The process was faster and staff felt positive.,v1.2
TASK-0280,2026-02-01,Aarhus,Finance,Email Triage,Automated,22.4,2,No,Completed,2.9,Concerned,The tool was not suitable for this exception.,v1.0
TASK-0281,2026-03-04,Copenhagen,Citizen Services,Data Entry,AI-assisted,36.5,0,Yes,Completed,4.2,Positive,The task was faster but still needed human review.,v1.1
TASK-0282,2026-03-07,Aalborg,Citizen Services,Data Entry,Manual,50.6,1,No,Completed,3.9,Neutral,Staff did not trust the first suggestion.,v1.2
TASK-0283,2026-03-10,Odense,Citizen Services,Data Entry,Automated,25.0,2,No,Completed,3.4,Neutral,No error was found after review.,v1.0
TASK-0284,2026-03-13,Aarhus,Citizen Services,Data Entry,AI-assisted,15.1,4,Yes,Needs correction,2.9,Concerned,The automated step failed and required manual work.,v1.1
TASK-0285,2026-03-16,Copenhagen,Citizen Services,Document Check,Manual,29.9,1,No,Completed,3.2,Neutral,The result was clear and useful.,v1.2
TASK-0286,2026-03-19,Aalborg,HR,Document Check,Automated,6.6,2,Yes,Completed,3.6,Neutral,Human review caught an important error.,v1.0
TASK-0287,2026-03-22,Odense,HR,Document Check,AI-assisted,16.4,3,No,Completed,3.1,Neutral,The process was faster and staff felt positive.,v1.1
TASK-0288,2026-03-25,Aarhus,HR,Document Check,Manual,42.4,5,No,Needs correction,2.7,Concerned,The tool was not suitable for this exception.,v1.2
TASK-0289,2026-03-01,Copenhagen,HR,Scheduling,AI-assisted,19.8,1,Yes,Completed,3.5,Neutral,The task was faster but still needed human review.,v1.0
TASK-0290,2026-03-04,Aalborg,HR,Scheduling,Manual,44.8,0,No,Completed,4.3,Positive,Staff did not trust the first suggestion.,v1.1
TASK-0291,2026-03-07,Odense,Procurement,Scheduling,Automated,29.3,0,Yes,Completed,3.8,Neutral,No error was found after review.,v1.2
TASK-0292,2026-03-10,Aarhus,Procurement,Scheduling,AI-assisted,42.4,1,Yes,Completed,3.8,Neutral,The automated step failed and required manual work.,v1.0
TASK-0293,2026-03-13,Copenhagen,Procurement,Status Update,Manual,55.4,1,No,Completed,3.9,Neutral,The result was clear and useful.,v1.1
TASK-0294,2026-03-16,Aalborg,Procurement,Status Update,Automated,33.1,2,Yes,Completed,3.0,Neutral,Human review caught an important error.,v1.2
TASK-0295,2026-03-19,Odense,Procurement,Status Update,AI-assisted,21.0,1,Yes,Completed,3.4,Neutral,The process was faster and staff felt positive.,v1.0
TASK-0296,2026-03-22,Aarhus,Communications,Status Update,Manual,47.8,1,No,Completed,4.8,Positive,The tool was not suitable for this exception.,v1.1
TASK-0297,2026-03-25,Copenhagen,Communications,Email Triage,Automated,33.5,2,Yes,Completed,3.3,Neutral,The task was faster but still needed human review.,v1.2
TASK-0298,2026-03-01,Aalborg,Communications,Email Triage,Manual,52.6,4,No,Needs correction,2.3,Concerned,Staff did not trust the first suggestion.,v1.0
TASK-0299,2026-03-04,Odense,Communications,Email Triage,Automated,25.2,1,Yes,Completed,3.5,Neutral,No error was found after review.,v1.1
TASK-0300,2026-03-07,Aarhus,Communications,Email Triage,AI-assisted,9.3,3,No,Completed,3.9,Neutral,The automated step failed and required manual work.,v1.2
TASK-0301,2026-04-10,Copenhagen,Finance,Data Entry,Manual,55.3,0,No,Completed,3.9,Neutral,The result was clear and useful.,v1.0
TASK-0302,2026-04-13,Aalborg,Finance,Data Entry,Automated,25.4,1,Yes,Completed,3.3,Neutral,Human review caught an important error.,v1.1
TASK-0303,2026-04-16,Odense,Finance,Data Entry,AI-assisted,29.1,3,Yes,Completed,3.3,Neutral,The process was faster and staff felt positive.,v1.2
TASK-0304,2026-04-19,Aarhus,Finance,Data Entry,Manual,44.8,4,No,Needs correction,2.2,Concerned,The tool was not suitable for this exception.,v1.0
TASK-0305,2026-04-22,Copenhagen,Finance,Document Check,Automated,2.0,3,Yes,Completed,3.1,Neutral,The task was faster but still needed human review.,v1.1
TASK-0306,2026-04-25,Aalborg,Citizen Services,Document Check,AI-assisted,17.0,0,Yes,Completed,4.4,Positive,Staff did not trust the first suggestion.,v1.2
TASK-0307,2026-04-01,Odense,Citizen Services,Document Check,Automated,17.1,0,No,Completed,4.7,Positive,No error was found after review.,v1.0
TASK-0308,2026-04-04,Aarhus,Citizen Services,Document Check,AI-assisted,10.1,2,Yes,Completed,3.2,Neutral,The automated step failed and required manual work.,v1.1
TASK-0309,2026-04-07,Copenhagen,Citizen Services,Scheduling,Manual,58.7,3,No,Completed,2.8,Concerned,The result was clear and useful.,v1.2
TASK-0310,2026-04-10,Aalborg,Citizen Services,Scheduling,Automated,15.0,4,Yes,Needs correction,2.5,Concerned,Human review caught an important error.,v1.0
TASK-0311,2026-04-13,Odense,HR,Scheduling,AI-assisted,37.1,0,Yes,Completed,4.8,Positive,The process was faster and staff felt positive.,v1.1
TASK-0312,2026-04-16,Aarhus,HR,Scheduling,Manual,33.4,2,No,Completed,3.2,Neutral,The tool was not suitable for this exception.,v1.2
TASK-0313,2026-04-19,Copenhagen,HR,Status Update,Automated,13.4,4,Yes,Needs correction,2.3,Concerned,The task was faster but still needed human review.,v1.0
TASK-0314,2026-04-22,Aalborg,HR,Status Update,AI-assisted,15.4,0,Yes,Completed,4.1,Positive,,v1.1
TASK-0315,2026-04-25,Odense,HR,Status Update,Manual,43.5,3,No,Completed,3.0,Neutral,No error was found after review.,v1.2
TASK-0316,2026-04-01,Aarhus,Procurement,Status Update,AI-assisted,42.8,1,Yes,Completed,3.7,Neutral,The automated step failed and required manual work.,v1.0
TASK-0317,2026-04-04,Copenhagen,Procurement,Email Triage,Manual,60.1,2,No,Completed,3.6,Neutral,The result was clear and useful.,v1.1
TASK-0318,2026-04-07,Aalborg,Procurement,Email Triage,Automated,17.1,4,Yes,Needs correction,2.2,Concerned,Human review caught an important error.,v1.2
TASK-0319,2026-04-10,Odense,Procurement,Email Triage,AI-assisted,50.1,4,No,Needs correction,2.5,Concerned,The process was faster and staff felt positive.,v1.0
TASK-0320,2026-04-13,Aarhus,Procurement,Email Triage,Manual,49.4,0,No,Completed,4.2,Positive,The tool was not suitable for this exception.,v1.1
TASK-0321,2026-05-16,Copenhagen,Communications,Data Entry,Automated,18.4,2,Yes,Completed,3.4,Neutral,The task was faster but still needed human review.,v1.2
TASK-0322,2026-05-19,Aalborg,Communications,Data Entry,AI-assisted,30.1,2,Yes,Completed,2.8,Concerned,Staff did not trust the first suggestion.,v1.0
TASK-0323,2026-05-22,Odense,Communications,Data Entry,Manual,50.8,2,No,Completed,2.7,Concerned,No error was found after review.,v1.1
TASK-0324,2026-05-25,Aarhus,Communications,Data Entry,Automated,17.0,4,No,Needs correction,2.4,Concerned,The automated step failed and required manual work.,v1.2
TASK-0325,2026-05-01,Copenhagen,Communications,Document Check,Manual,60.6,0,No,Completed,4.3,Positive,The result was clear and useful.,v1.0
TASK-0326,2026-05-04,Aalborg,Finance,Document Check,Automated,12.3,4,Yes,Needs correction,2.6,Concerned,Human review caught an important error.,v1.1
TASK-0327,2026-05-07,Odense,Finance,Document Check,AI-assisted,20.5,0,Yes,Completed,3.8,Neutral,The process was faster and staff felt positive.,v1.2
TASK-0328,2026-05-10,Aarhus,Finance,Document Check,Manual,40.8,1,No,Completed,3.5,Neutral,The tool was not suitable for this exception.,v1.0
TASK-0329,2026-05-13,Copenhagen,Finance,Scheduling,Automated,19.8,0,Yes,Completed,4.6,Positive,The task was faster but still needed human review.,v1.1
TASK-0330,2026-05-16,Aalborg,Finance,Scheduling,AI-assisted,32.5,2,Yes,Completed,3.0,Neutral,Staff did not trust the first suggestion.,v1.2
TASK-0331,2026-05-19,Odense,Citizen Services,Scheduling,Manual,73.5,1,No,Completed,4.0,Positive,No error was found after review.,v1.0
TASK-0332,2026-05-22,Aarhus,Citizen Services,Scheduling,Automated,18.6,4,Yes,Needs correction,2.1,Concerned,The automated step failed and required manual work.,v1.1
TASK-0333,2026-05-25,Copenhagen,Citizen Services,Status Update,AI-assisted,15.1,1,Yes,Completed,3.7,Neutral,The result was clear and useful.,v1.2
TASK-0334,2026-05-01,Aalborg,Citizen Services,Status Update,Automated,15.3,3,Yes,Completed,3.2,Neutral,Human review caught an important error.,v1.0
TASK-0335,2026-05-04,Odense,Citizen Services,Status Update,AI-assisted,11.0,4,Yes,Needs correction,3.0,Neutral,The process was faster and staff felt positive.,v1.1
TASK-0336,2026-05-07,Aarhus,HR,Status Update,Manual,40.0,0,No,Completed,4.4,Positive,The tool was not suitable for this exception.,v1.2
TASK-0337,2026-05-10,Copenhagen,HR,Email Triage,Automated,5.8,1,Yes,Completed,3.9,Neutral,The task was faster but still needed human review.,v1.0
TASK-0338,2026-05-13,Aalborg,HR,Email Triage,AI-assisted,6.6,3,No,Completed,2.5,Concerned,Staff did not trust the first suggestion.,v1.1
TASK-0339,2026-05-16,Odense,HR,Email Triage,Manual,48.0,1,No,Completed,4.4,Positive,No error was found after review.,v1.2
TASK-0340,2026-05-19,Aarhus,HR,Email Triage,Automated,15.0,5,No,Needs correction,2.0,Concerned,The automated step failed and required manual work.,v1.0
TASK-0341,2026-06-22,Copenhagen,Procurement,Data Entry,AI-assisted,35.1,1,No,Completed,4.2,Positive,The result was clear and useful.,v1.1
TASK-0342,2026-06-25,Aalborg,Procurement,Data Entry,Manual,62.3,2,No,Completed,2.5,Concerned,Human review caught an important error.,v1.2
TASK-0343,2026-06-01,Odense,Procurement,Data Entry,AI-assisted,30.6,2,Yes,Completed,3.1,Neutral,The process was faster and staff felt positive.,v1.0
TASK-0344,2026-06-04,Aarhus,Procurement,Data Entry,Manual,30.2,2,No,Completed,3.7,Neutral,The tool was not suitable for this exception.,v1.1
TASK-0345,2026-06-07,Copenhagen,Procurement,Document Check,Automated,13.8,3,Yes,Completed,2.8,Concerned,The task was faster but still needed human review.,v1.2
TASK-0346,2026-06-10,Aalborg,Communications,Document Check,AI-assisted,20.7,2,No,Completed,3.0,Neutral,Staff did not trust the first suggestion.,v1.0
TASK-0347,2026-06-13,Odense,Communications,Document Check,Manual,44.4,3,No,Completed,2.3,Concerned,No error was found after review.,v1.1
TASK-0348,2026-06-16,Aarhus,Communications,Document Check,Automated,37.7,0,No,Completed,4.4,Positive,The automated step failed and required manual work.,v1.2
TASK-0349,2026-06-19,Copenhagen,Communications,Scheduling,AI-assisted,23.6,1,Yes,Completed,4.1,Positive,The result was clear and useful.,v1.0
TASK-0350,2026-06-22,Aalborg,Communications,Scheduling,Manual,53.1,0,No,Completed,4.8,Positive,Human review caught an important error.,v1.1
TASK-0351,2026-06-25,Odense,Finance,Scheduling,Automated,20.4,2,Yes,Completed,3.9,Neutral,The process was faster and staff felt positive.,v1.2
TASK-0352,2026-06-01,Aarhus,Finance,Scheduling,Manual,34.8,1,No,Completed,4.0,Positive,The tool was not suitable for this exception.,v1.0
TASK-0353,2026-06-04,Copenhagen,Finance,Status Update,Automated,9.1,3,Yes,Completed,2.3,Concerned,The task was faster but still needed human review.,v1.1
TASK-0354,2026-06-07,Aalborg,Finance,Status Update,AI-assisted,15.2,2,Yes,Completed,3.4,Neutral,Staff did not trust the first suggestion.,v1.2
TASK-0355,2026-06-10,Odense,Finance,Status Update,Manual,55.8,2,No,Completed,2.4,Concerned,No error was found after review.,v1.0
TASK-0356,2026-06-13,Aarhus,Citizen Services,Status Update,Automated,24.7,3,Yes,Completed,3.2,Neutral,The automated step failed and required manual work.,v1.1
TASK-0357,2026-06-16,Copenhagen,Citizen Services,Email Triage,AI-assisted,25.0,1,No,Completed,4.2,Positive,The result was clear and useful.,v1.2
TASK-0358,2026-06-19,Aalborg,Citizen Services,Email Triage,Manual,52.8,2,No,Completed,3.5,Neutral,Human review caught an important error.,v1.0
TASK-0359,2026-06-22,Odense,Citizen Services,Email Triage,Automated,29.4,2,No,Completed,3.0,Neutral,The process was faster and staff felt positive.,v1.1
TASK-0360,2026-06-25,Aarhus,Citizen Services,Email Triage,AI-assisted,11.0,2,Yes,Completed,3.0,Neutral,The tool was not suitable for this exception.,v1.2
TASK-0361,2026-01-01,Copenhagen,HR,Data Entry,Automated,38.1,2,Yes,Completed,3.3,Neutral,The task was faster but still needed human review.,v1.0
TASK-0362,2026-01-04,Aalborg,HR,Data Entry,AI-assisted,5.1,2,Yes,Completed,3.5,Neutral,Staff did not trust the first suggestion.,v1.1
TASK-0363,2026-01-07,Odense,HR,Data Entry,Manual,77.2,1,No,Completed,3.6,Neutral,No error was found after review.,v1.2
TASK-0364,2026-01-10,Aarhus,HR,Data Entry,Automated,13.3,1,Yes,Completed,4.1,Positive,The automated step failed and required manual work.,v1.0
TASK-0365,2026-01-13,Copenhagen,HR,Document Check,AI-assisted,22.4,2,Yes,Completed,3.8,Neutral,The result was clear and useful.,v1.1
TASK-0366,2026-01-16,Aalborg,Procurement,Document Check,Manual,57.3,1,No,Completed,3.2,Neutral,Human review caught an important error.,v1.2
TASK-0367,2026-01-19,Odense,Procurement,Document Check,Automated,12.1,3,No,Completed,2.9,Concerned,The process was faster and staff felt positive.,v1.0
TASK-0368,2026-01-22,Aarhus,Procurement,Document Check,AI-assisted,47.1,2,Yes,Completed,3.6,Neutral,The tool was not suitable for this exception.,v1.1
TASK-0369,2026-01-25,Copenhagen,Procurement,Scheduling,Manual,54.5,1,No,Completed,4.1,Positive,The task was faster but still needed human review.,v1.2
TASK-0370,2026-01-01,Aalborg,Procurement,Scheduling,AI-assisted,33.4,2,No,Completed,3.7,Neutral,Staff did not trust the first suggestion.,v1.0
TASK-0371,2026-01-04,Odense,Communications,Scheduling,Manual,52.4,3,No,Completed,3.2,Neutral,No error was found after review.,v1.1
TASK-0372,2026-01-07,Aarhus,Communications,Scheduling,Automated,26.8,2,Yes,Completed,3.2,Neutral,The automated step failed and required manual work.,v1.2
TASK-0373,2026-01-10,Copenhagen,Communications,Status Update,AI-assisted,24.8,2,Yes,Completed,3.2,Neutral,The result was clear and useful.,v1.0
TASK-0374,2026-01-13,Aalborg,Communications,Status Update,Manual,45.1,2,No,Completed,3.8,Neutral,Human review caught an important error.,v1.1
TASK-0375,2026-01-16,Odense,Communications,Status Update,Automated,16.8,2,Yes,Completed,3.0,Neutral,The process was faster and staff felt positive.,v1.2
TASK-0376,2026-01-19,Aarhus,Finance,Status Update,AI-assisted,18.9,2,Yes,Completed,2.7,Concerned,The tool was not suitable for this exception.,v1.0
TASK-0377,2026-01-22,Copenhagen,Finance,Email Triage,Manual,39.3,0,No,Completed,5.0,Positive,The task was faster but still needed human review.,v1.1
TASK-0378,2026-01-25,Aalborg,Finance,Email Triage,Automated,27.1,2,Yes,Completed,2.7,Concerned,Staff did not trust the first suggestion.,v1.2
TASK-0379,2026-01-01,Odense,Finance,Email Triage,Manual,45.8,0,No,Completed,4.3,Positive,No error was found after review.,v1.0
TASK-0380,2026-01-04,Aarhus,Finance,Email Triage,Automated,2.0,1,No,Completed,4.3,Positive,The automated step failed and required manual work.,v1.1
TASK-0381,2026-02-07,Copenhagen,Citizen Services,Data Entry,AI-assisted,29.9,1,No,Completed,3.6,Neutral,The result was clear and useful.,v1.2
TASK-0382,2026-02-10,Aalborg,Citizen Services,Data Entry,Manual,62.7,1,No,Completed,4.1,Positive,Human review caught an important error.,v1.0
TASK-0383,2026-02-13,Odense,Citizen Services,Data Entry,Automated,30.9,4,Yes,Needs correction,2.4,Concerned,The process was faster and staff felt positive.,v1.1
TASK-0384,2026-02-16,Aarhus,Citizen Services,Data Entry,AI-assisted,17.9,1,Yes,Completed,3.6,Neutral,The tool was not suitable for this exception.,v1.2
TASK-0385,2026-02-19,Copenhagen,Citizen Services,Document Check,Manual,49.0,0,No,Completed,4.3,Positive,The task was faster but still needed human review.,v1.0
TASK-0386,2026-02-22,Aalborg,HR,Document Check,Automated,33.6,0,Yes,Completed,4.7,Positive,Staff did not trust the first suggestion.,v1.1
TASK-0387,2026-02-25,Odense,HR,Document Check,AI-assisted,27.3,4,Yes,Needs correction,2.2,Concerned,No error was found after review.,v1.2
TASK-0388,2026-02-01,Aarhus,HR,Document Check,Automated,24.6,3,No,Completed,2.8,Concerned,The automated step failed and required manual work.,v1.0
TASK-0389,2026-02-04,Copenhagen,HR,Scheduling,AI-assisted,35.4,1,Yes,Completed,3.9,Neutral,The result was clear and useful.,v1.1
TASK-0390,2026-02-07,Aalborg,HR,Scheduling,Manual,49.1,1,No,Completed,4.1,Positive,Human review caught an important error.,v1.2
TASK-0391,2026-02-10,Odense,Procurement,Scheduling,Automated,30.1,3,Yes,Completed,2.7,Concerned,The process was faster and staff felt positive.,v1.0
TASK-0392,2026-02-13,Aarhus,Procurement,Scheduling,AI-assisted,17.1,2,Yes,Completed,3.0,Neutral,The tool was not suitable for this exception.,v1.1
TASK-0393,2026-02-16,Copenhagen,Procurement,Status Update,Manual,47.3,1,No,Completed,4.1,Positive,The task was faster but still needed human review.,v1.2
TASK-0394,2026-02-19,Aalborg,Procurement,Status Update,Automated,34.0,2,No,Completed,3.5,Neutral,Staff did not trust the first suggestion.,v1.0
TASK-0395,2026-02-22,Odense,Procurement,Status Update,AI-assisted,15.7,3,Yes,Completed,3.2,Neutral,No error was found after review.,v1.1
TASK-0396,2026-02-25,Aarhus,Communications,Status Update,Manual,44.2,2,No,Completed,4.1,Positive,The automated step failed and required manual work.,v1.2
TASK-0397,2026-02-01,Copenhagen,Communications,Email Triage,AI-assisted,6.1,2,Yes,Completed,3.5,Neutral,The result was clear and useful.,v1.0
TASK-0398,2026-02-04,Aalborg,Communications,Email Triage,Manual,34.3,1,No,Completed,4.2,Positive,Human review caught an important error.,v1.1
TASK-0399,2026-02-07,Odense,Communications,Email Triage,Automated,32.8,4,Yes,Needs correction,2.7,Concerned,The process was faster and staff felt positive.,v1.2
TASK-0400,2026-02-10,Aarhus,Communications,Email Triage,AI-assisted,41.6,3,Yes,Completed,2.6,Concerned,The tool was not suitable for this exception.,v1.0
TASK-0401,2026-03-13,Copenhagen,Finance,Data Entry,Manual,38.4,0,No,Completed,4.7,Positive,The task was faster but still needed human review.,v1.1
TASK-0402,2026-03-16,Aalborg,Finance,Data Entry,Automated,15.7,1,Yes,Completed,4.0,Positive,Staff did not trust the first suggestion.,v1.2
TASK-0403,2026-03-19,Odense,Finance,Data Entry,AI-assisted,26.9,2,No,Completed,3.4,Neutral,No error was found after review.,v1.0
TASK-0404,2026-03-22,Aarhus,Finance,Data Entry,Manual,42.5,1,No,Completed,3.8,Neutral,The automated step failed and required manual work.,v1.1
TASK-0405,2026-03-25,Copenhagen,Finance,Document Check,Automated,18.4,0,Yes,Completed,4.2,Positive,The result was clear and useful.,v1.2
TASK-0406,2026-03-01,Aalborg,Citizen Services,Document Check,Manual,52.4,2,No,Completed,2.9,Concerned,Human review caught an important error.,v1.0
TASK-0407,2026-03-04,Odense,Citizen Services,Document Check,Automated,26.0,3,No,Completed,2.4,Concerned,The process was faster and staff felt positive.,v1.1
TASK-0408,2026-03-07,Aarhus,Citizen Services,Document Check,AI-assisted,16.8,1,No,Completed,3.7,Neutral,The tool was not suitable for this exception.,v1.2
TASK-0409,2026-03-10,Copenhagen,Citizen Services,Scheduling,Manual,62.0,3,No,Completed,2.8,Concerned,The task was faster but still needed human review.,v1.0
TASK-0410,2026-03-13,Aalborg,Citizen Services,Scheduling,Automated,22.3,1,Yes,Completed,3.9,Neutral,Staff did not trust the first suggestion.,v1.1
TASK-0411,2026-03-16,Odense,HR,Scheduling,AI-assisted,39.0,0,No,Completed,4.4,Positive,No error was found after review.,v1.2
TASK-0412,2026-03-19,Aarhus,HR,Scheduling,Manual,60.9,2,No,Completed,3.8,Neutral,The automated step failed and required manual work.,v1.0
TASK-0413,2026-03-22,Copenhagen,HR,Status Update,Automated,25.6,3,Yes,Completed,3.4,Neutral,The result was clear and useful.,v1.1
TASK-0414,2026-03-25,Aalborg,HR,Status Update,AI-assisted,19.7,1,Yes,Completed,3.2,Neutral,Human review caught an important error.,v1.2
TASK-0415,2026-03-01,Odense,HR,Status Update,Automated,24.1,1,Yes,Completed,4.8,Positive,The process was faster and staff felt positive.,v1.0
TASK-0416,2026-03-04,Aarhus,Procurement,Status Update,AI-assisted,20.0,0,No,Completed,4.9,Positive,The tool was not suitable for this exception.,v1.1
TASK-0417,2026-03-07,Copenhagen,Procurement,Email Triage,Manual,37.9,3,No,Completed,2.9,Concerned,The task was faster but still needed human review.,v1.2
TASK-0418,2026-03-10,Aalborg,Procurement,Email Triage,Automated,2.0,4,Yes,Needs correction,2.7,Concerned,Staff did not trust the first suggestion.,v1.0
TASK-0419,2026-03-13,Odense,Procurement,Email Triage,AI-assisted,35.1,2,Yes,Completed,2.6,Concerned,No error was found after review.,v1.1
TASK-0420,2026-03-16,Aarhus,Procurement,Email Triage,Manual,30.1,0,No,Completed,4.8,Positive,The automated step failed and required manual work.,v1.2
TASK-0421,2026-04-19,Copenhagen,Communications,Data Entry,Automated,17.0,1,No,Completed,4.6,Positive,The result was clear and useful.,v1.0
TASK-0422,2026-04-22,Aalborg,Communications,Data Entry,AI-assisted,33.9,1,Yes,Completed,4.0,Positive,Human review caught an important error.,v1.1
TASK-0423,2026-04-25,Odense,Communications,Data Entry,Manual,49.9,0,No,Completed,3.9,Neutral,The process was faster and staff felt positive.,v1.2
TASK-0424,2026-04-01,Aarhus,Communications,Data Entry,AI-assisted,19.5,3,No,Completed,2.7,Concerned,The tool was not suitable for this exception.,v1.0
TASK-0425,2026-04-04,Copenhagen,Communications,Document Check,Manual,62.4,2,No,Completed,3.3,Neutral,The task was faster but still needed human review.,v1.1
TASK-0426,2026-04-07,Aalborg,Finance,Document Check,Automated,26.9,0,No,Completed,4.6,Positive,Staff did not trust the first suggestion.,v1.2
TASK-0427,2026-04-10,Odense,Finance,Document Check,AI-assisted,22.4,2,Yes,Completed,3.2,Neutral,No error was found after review.,v1.0
TASK-0428,2026-04-13,Aarhus,Finance,Document Check,Manual,54.3,2,No,Completed,3.1,Neutral,The automated step failed and required manual work.,v1.1
TASK-0429,2026-04-16,Copenhagen,Finance,Scheduling,Automated,12.1,1,Yes,Completed,3.8,Neutral,The result was clear and useful.,v1.2
TASK-0430,2026-04-19,Aalborg,Finance,Scheduling,AI-assisted,31.8,0,No,Completed,4.8,Positive,Human review caught an important error.,v1.0
TASK-0431,2026-04-22,Odense,Citizen Services,Scheduling,Manual,29.9,1,No,Completed,4.6,Positive,The process was faster and staff felt positive.,v1.1
TASK-0432,2026-04-25,Aarhus,Citizen Services,Scheduling,Automated,16.4,3,Yes,Completed,3.5,Neutral,The tool was not suitable for this exception.,v1.2
TASK-0433,2026-04-01,Copenhagen,Citizen Services,Status Update,Manual,35.8,2,No,Completed,3.0,Neutral,The task was faster but still needed human review.,v1.0
TASK-0434,2026-04-04,Aalborg,Citizen Services,Status Update,Automated,33.2,2,Yes,Completed,3.3,Neutral,Staff did not trust the first suggestion.,v1.1
TASK-0435,2026-04-07,Odense,Citizen Services,Status Update,AI-assisted,30.4,1,Yes,Completed,4.0,Positive,No error was found after review.,v1.2
TASK-0436,2026-04-10,Aarhus,HR,Status Update,Manual,52.2,0,No,Completed,4.8,Positive,The automated step failed and required manual work.,v1.0
TASK-0437,2026-04-13,Copenhagen,HR,Email Triage,Automated,15.2,2,No,Completed,4.0,Positive,The result was clear and useful.,v1.1
TASK-0438,2026-04-16,Aalborg,HR,Email Triage,AI-assisted,35.5,1,Yes,Completed,3.7,Neutral,Human review caught an important error.,v1.2
TASK-0439,2026-04-19,Odense,HR,Email Triage,Manual,41.3,4,No,Needs correction,2.5,Concerned,The process was faster and staff felt positive.,v1.0
TASK-0440,2026-04-22,Aarhus,HR,Email Triage,Automated,17.1,3,Yes,Completed,2.6,Concerned,The tool was not suitable for this exception.,v1.1
TASK-0441,2026-05-25,Copenhagen,Procurement,Data Entry,AI-assisted,28.4,2,Yes,Completed,3.5,Neutral,The task was faster but still needed human review.,v1.2
TASK-0442,2026-05-01,Aalborg,Procurement,Data Entry,Automated,18.5,2,Yes,Completed,3.7,Neutral,Staff did not trust the first suggestion.,v1.0
TASK-0443,2026-05-04,Odense,Procurement,Data Entry,AI-assisted,20.2,3,Yes,Completed,3.4,Neutral,No error was found after review.,v1.1
TASK-0444,2026-05-07,Aarhus,Procurement,Data Entry,Manual,39.8,0,No,Completed,3.8,Neutral,The automated step failed and required manual work.,v1.2
TASK-0445,2026-05-10,Copenhagen,Procurement,Document Check,Automated,30.1,1,Yes,Completed,4.0,Positive,The result was clear and useful.,v1.0
TASK-0446,2026-05-13,Aalborg,Communications,Document Check,AI-assisted,26.8,4,Yes,Needs correction,2.3,Concerned,Human review caught an important error.,v1.1
TASK-0447,2026-05-16,Odense,Communications,Document Check,Manual,52.9,2,No,Completed,3.9,Neutral,The process was faster and staff felt positive.,v1.2
TASK-0448,2026-05-19,Aarhus,Communications,Document Check,Automated,26.8,1,Yes,Completed,3.9,Neutral,The tool was not suitable for this exception.,v1.0
TASK-0449,2026-05-22,Copenhagen,Communications,Scheduling,AI-assisted,23.9,3,Yes,Completed,3.0,Neutral,The task was faster but still needed human review.,v1.1
TASK-0450,2026-05-25,Aalborg,Communications,Scheduling,Manual,39.4,4,No,Needs correction,2.8,Concerned,Staff did not trust the first suggestion.,v1.2
TASK-0451,2026-05-01,Odense,Finance,Scheduling,AI-assisted,33.2,1,No,Completed,4.2,Positive,No error was found after review.,v1.0
TASK-0452,2026-05-04,Aarhus,Finance,Scheduling,Manual,51.9,2,No,Completed,3.8,Neutral,The automated step failed and required manual work.,v1.1
TASK-0453,2026-05-07,Copenhagen,Finance,Status Update,Automated,22.2,2,No,Completed,3.3,Neutral,The result was clear and useful.,v1.2
TASK-0454,2026-05-10,Aalborg,Finance,Status Update,AI-assisted,28.6,1,Yes,Completed,4.4,Positive,Human review caught an important error.,v1.0
TASK-0455,2026-05-13,Odense,Finance,Status Update,Manual,58.6,1,No,Completed,3.7,Neutral,The process was faster and staff felt positive.,v1.1
TASK-0456,2026-05-16,Aarhus,Citizen Services,Status Update,Automated,18.5,0,Yes,Completed,4.6,Positive,The tool was not suitable for this exception.,v1.2
TASK-0457,2026-05-19,Copenhagen,Citizen Services,Email Triage,AI-assisted,13.8,3,No,Completed,2.9,Concerned,The task was faster but still needed human review.,v1.0
TASK-0458,2026-05-22,Aalborg,Citizen Services,Email Triage,Manual,40.1,2,No,Completed,3.8,Neutral,Staff did not trust the first suggestion.,v1.1
TASK-0459,2026-05-25,Odense,Citizen Services,Email Triage,Automated,35.5,1,No,Completed,4.1,Positive,No error was found after review.,v1.2
TASK-0460,2026-05-01,Aarhus,Citizen Services,Email Triage,Manual,56.1,0,No,Completed,4.2,Positive,The automated step failed and required manual work.,v1.0
TASK-0461,2026-06-04,Copenhagen,HR,Data Entry,Automated,2.0,4,Yes,Needs correction,2.3,Concerned,The result was clear and useful.,v1.1
TASK-0462,2026-06-07,Aalborg,HR,Data Entry,AI-assisted,32.9,4,No,Needs correction,1.7,Concerned,Human review caught an important error.,v1.2
TASK-0463,2026-06-10,Odense,HR,Data Entry,Manual,46.8,4,No,Needs correction,2.3,Concerned,The process was faster and staff felt positive.,v1.0
TASK-0464,2026-06-13,Aarhus,HR,Data Entry,Automated,4.5,1,Yes,Completed,3.5,Neutral,The tool was not suitable for this exception.,v1.1
TASK-0465,2026-06-16,Copenhagen,HR,Document Check,AI-assisted,25.5,2,Yes,Completed,3.2,Neutral,The task was faster but still needed human review.,v1.2
TASK-0466,2026-06-19,Aalborg,Procurement,Document Check,Manual,68.3,0,No,Completed,4.5,Positive,Staff did not trust the first suggestion.,v1.0
TASK-0467,2026-06-22,Odense,Procurement,Document Check,Automated,19.2,1,No,Completed,4.1,Positive,No error was found after review.,v1.1
TASK-0468,2026-06-25,Aarhus,Procurement,Document Check,AI-assisted,30.7,1,No,Completed,2.9,Concerned,The automated step failed and required manual work.,v1.2
TASK-0469,2026-06-01,Copenhagen,Procurement,Scheduling,Automated,13.0,0,Yes,Completed,4.4,Positive,The result was clear and useful.,v1.0
TASK-0470,2026-06-04,Aalborg,Procurement,Scheduling,AI-assisted,39.2,4,No,Needs correction,2.7,Concerned,Human review caught an important error.,v1.1
TASK-0471,2026-06-07,Odense,Communications,Scheduling,Manual,59.2,1,No,Completed,3.0,Neutral,The process was faster and staff felt positive.,v1.2
TASK-0472,2026-06-10,Aarhus,Communications,Scheduling,Automated,2.0,2,Yes,Completed,2.8,Concerned,The tool was not suitable for this exception.,v1.0
TASK-0473,2026-06-13,Copenhagen,Communications,Status Update,AI-assisted,46.0,0,No,Completed,4.9,Positive,The task was faster but still needed human review.,v1.1
TASK-0474,2026-06-16,Aalborg,Communications,Status Update,Manual,50.6,0,No,Completed,4.2,Positive,Staff did not trust the first suggestion.,v1.2
TASK-0475,2026-06-19,Odense,Communications,Status Update,Automated,2.0,3,No,Completed,2.9,Concerned,No error was found after review.,v1.0
TASK-0476,2026-06-22,Aarhus,Finance,Status Update,AI-assisted,25.8,3,Yes,Completed,3.7,Neutral,The automated step failed and required manual work.,v1.1
TASK-0477,2026-06-25,Copenhagen,Finance,Email Triage,Manual,55.9,1,No,Completed,3.6,Neutral,The result was clear and useful.,v1.2
TASK-0478,2026-06-01,Aalborg,Finance,Email Triage,AI-assisted,19.5,4,No,Needs correction,3.2,Neutral,Human review caught an important error.,v1.0
TASK-0479,2026-06-04,Odense,Finance,Email Triage,Manual,44.4,1,No,Completed,4.3,Positive,The process was faster and staff felt positive.,v1.1
TASK-0480,2026-06-07,Aarhus,Finance,Email Triage,Automated,4.0,2,Yes,Completed,3.0,Neutral,The tool was not suitable for this exception.,v1.2
TASK-0481,2026-01-10,Copenhagen,Citizen Services,Data Entry,AI-assisted,26.5,0,No,Completed,4.7,Positive,The task was faster but still needed human review.,v1.0
TASK-0482,2026-01-13,Aalborg,Citizen Services,Data Entry,Manual,56.0,0,No,Completed,4.6,Positive,Staff did not trust the first suggestion.,v1.1
TASK-0483,2026-01-16,Odense,Citizen Services,Data Entry,Automated,34.0,1,Yes,Completed,3.8,Neutral,No error was found after review.,v1.2
TASK-0484,2026-01-19,Aarhus,Citizen Services,Data Entry,AI-assisted,40.3,1,No,Completed,3.7,Neutral,The automated step failed and required manual work.,v1.0
TASK-0485,2026-01-22,Copenhagen,Citizen Services,Document Check,Manual,45.9,0,No,Completed,4.5,Positive,The result was clear and useful.,v1.1
TASK-0486,2026-01-25,Aalborg,HR,Document Check,Automated,17.1,2,Yes,Completed,3.4,Neutral,Human review caught an important error.,v1.2
TASK-0487,2026-01-01,Odense,HR,Document Check,Manual,52.9,0,No,Completed,4.3,Positive,The process was faster and staff felt positive.,v1.0
TASK-0488,2026-01-04,Aarhus,HR,Document Check,Automated,31.5,2,Yes,Completed,3.7,Neutral,The tool was not suitable for this exception.,v1.1
TASK-0489,2026-01-07,Copenhagen,HR,Scheduling,AI-assisted,31.1,2,Yes,Completed,3.6,Neutral,The task was faster but still needed human review.,v1.2
TASK-0490,2026-01-10,Aalborg,HR,Scheduling,Manual,53.9,2,No,Completed,3.2,Neutral,Staff did not trust the first suggestion.,v1.0
TASK-0491,2026-01-13,Odense,Procurement,Scheduling,Automated,14.8,4,Yes,Needs correction,2.7,Concerned,No error was found after review.,v1.1
TASK-0492,2026-01-16,Aarhus,Procurement,Scheduling,AI-assisted,25.8,1,Yes,Completed,3.8,Neutral,The automated step failed and required manual work.,v1.2
TASK-0493,2026-01-19,Copenhagen,Procurement,Status Update,Manual,49.3,3,No,Completed,3.6,Neutral,The result was clear and useful.,v1.0
TASK-0494,2026-01-22,Aalborg,Procurement,Status Update,Automated,11.4,1,Yes,Completed,4.3,Positive,Human review caught an important error.,v1.1
TASK-0495,2026-01-25,Odense,Procurement,Status Update,AI-assisted,35.6,3,Yes,Completed,2.5,Concerned,The process was faster and staff felt positive.,v1.2
TASK-0496,2026-01-01,Aarhus,Communications,Status Update,Automated,13.0,5,No,Needs correction,1.3,Concerned,The tool was not suitable for this exception.,v1.0
TASK-0497,2026-01-04,Copenhagen,Communications,Email Triage,AI-assisted,32.4,1,Yes,Completed,4.1,Positive,The task was faster but still needed human review.,v1.1
TASK-0498,2026-01-07,Aalborg,Communications,Email Triage,Manual,55.6,1,No,Completed,4.5,Positive,Staff did not trust the first suggestion.,v1.2
TASK-0499,2026-01-10,Odense,Communications,Email Triage,Automated,21.5,3,Yes,Completed,2.4,Concerned,No error was found after review.,v1.0
TASK-0500,2026-01-13,Aarhus,Communications,Email Triage,AI-assisted,23.7,1,No,Completed,4.4,Positive,The automated step failed and required manual work.,v1.1
TASK-0501,2026-02-16,Copenhagen,Finance,Data Entry,Manual,45.2,0,No,Completed,4.3,Positive,The result was clear and useful.,v1.2
TASK-0502,2026-02-19,Aalborg,Finance,Data Entry,Automated,14.9,2,Yes,Completed,3.4,Neutral,Human review caught an important error.,v1.0
TASK-0503,2026-02-22,Odense,Finance,Data Entry,AI-assisted,25.9,4,Yes,Needs correction,2.3,Concerned,The process was faster and staff felt positive.,v1.1
TASK-0504,2026-02-25,Aarhus,Finance,Data Entry,Manual,42.0,1,No,Completed,3.9,Neutral,The tool was not suitable for this exception.,v1.2
TASK-0505,2026-02-01,Copenhagen,Finance,Document Check,AI-assisted,28.6,1,Yes,Completed,3.2,Neutral,The task was faster but still needed human review.,v1.0
TASK-0506,2026-02-04,Aalborg,Citizen Services,Document Check,Manual,47.2,1,No,Completed,4.0,Positive,Staff did not trust the first suggestion.,v1.1
TASK-0507,2026-02-07,Odense,Citizen Services,Document Check,Automated,19.6,2,Yes,Completed,3.2,Neutral,No error was found after review.,v1.2
TASK-0508,2026-02-10,Aarhus,Citizen Services,Document Check,AI-assisted,22.9,1,No,Completed,3.6,Neutral,The automated step failed and required manual work.,v1.0
TASK-0509,2026-02-13,Copenhagen,Citizen Services,Scheduling,Manual,43.6,4,No,Needs correction,2.1,Concerned,The result was clear and useful.,v1.1
TASK-0510,2026-02-16,Aalborg,Citizen Services,Scheduling,Automated,16.2,2,Yes,Completed,3.5,Neutral,Human review caught an important error.,v1.2
TASK-0511,2026-02-19,Odense,HR,Scheduling,AI-assisted,31.3,3,Yes,Completed,2.5,Concerned,The process was faster and staff felt positive.,v1.0
TASK-0512,2026-02-22,Aarhus,HR,Scheduling,Manual,36.1,1,No,Completed,4.0,Positive,The tool was not suitable for this exception.,v1.1
TASK-0513,2026-02-25,Copenhagen,HR,Status Update,Automated,19.9,2,No,Completed,3.7,Neutral,The task was faster but still needed human review.,v1.2
TASK-0514,2026-02-01,Aalborg,HR,Status Update,Manual,40.4,0,No,Completed,4.0,Positive,Staff did not trust the first suggestion.,v1.0
TASK-0515,2026-02-04,Odense,HR,Status Update,Automated,14.7,4,Yes,Needs correction,2.8,Concerned,No error was found after review.,v1.1
TASK-0516,2026-02-07,Aarhus,Procurement,Status Update,AI-assisted,21.6,2,Yes,Completed,3.1,Neutral,The automated step failed and required manual work.,v1.2
TASK-0517,2026-02-10,Copenhagen,Procurement,Email Triage,Manual,41.1,2,No,Completed,3.5,Neutral,The result was clear and useful.,v1.0
TASK-0518,2026-02-13,Aalborg,Procurement,Email Triage,Automated,11.4,4,Yes,Needs correction,2.2,Concerned,Human review caught an important error.,v1.1
TASK-0519,2026-02-16,Odense,Procurement,Email Triage,AI-assisted,22.7,5,No,Needs correction,1.6,Concerned,The process was faster and staff felt positive.,v1.2
TASK-0520,2026-02-19,Aarhus,Procurement,Email Triage,Manual,31.8,1,No,Completed,4.2,Positive,The tool was not suitable for this exception.,v1.0
TASK-0521,2026-03-22,Copenhagen,Communications,Data Entry,Automated,12.5,2,Yes,Completed,2.7,Concerned,The task was faster but still needed human review.,v1.1
TASK-0522,2026-03-25,Aalborg,Communications,Data Entry,AI-assisted,27.4,2,Yes,Completed,3.0,Neutral,Staff did not trust the first suggestion.,v1.2
TASK-0523,2026-03-01,Odense,Communications,Data Entry,Automated,14.5,5,Yes,Needs correction,1.9,Concerned,No error was found after review.,v1.0
TASK-0524,2026-03-04,Aarhus,Communications,Data Entry,AI-assisted,36.7,1,No,Completed,4.4,Positive,The automated step failed and required manual work.,v1.1
TASK-0525,2026-03-07,Copenhagen,Communications,Document Check,Manual,42.5,0,No,Completed,4.5,Positive,The result was clear and useful.,v1.2
TASK-0526,2026-03-10,Aalborg,Finance,Document Check,Automated,15.4,0,Yes,Completed,3.9,Neutral,Human review caught an important error.,v1.0
TASK-0527,2026-03-13,Odense,Finance,Document Check,AI-assisted,14.9,3,Yes,Completed,2.9,Concerned,The process was faster and staff felt positive.,v1.1
TASK-0528,2026-03-16,Aarhus,Finance,Document Check,Manual,47.9,2,No,Completed,3.9,Neutral,The tool was not suitable for this exception.,v1.2
TASK-0529,2026-03-19,Copenhagen,Finance,Scheduling,Automated,16.1,2,Yes,Completed,3.3,Neutral,The task was faster but still needed human review.,v1.0
TASK-0530,2026-03-22,Aalborg,Finance,Scheduling,AI-assisted,33.2,2,Yes,Completed,3.3,Neutral,Staff did not trust the first suggestion.,v1.1
TASK-0531,2026-03-25,Odense,Citizen Services,Scheduling,Manual,52.2,1,No,Completed,3.4,Neutral,No error was found after review.,v1.2
TASK-0532,2026-03-01,Aarhus,Citizen Services,Scheduling,AI-assisted,12.7,3,No,Completed,3.3,Neutral,The automated step failed and required manual work.,v1.0
TASK-0533,2026-03-04,Copenhagen,Citizen Services,Status Update,Manual,51.6,0,No,Completed,4.5,Positive,The result was clear and useful.,v1.1
TASK-0534,2026-03-07,Aalborg,Citizen Services,Status Update,Automated,25.4,0,Yes,Completed,4.3,Positive,Human review caught an important error.,v1.2
TASK-0535,2026-03-10,Odense,Citizen Services,Status Update,AI-assisted,22.9,1,Yes,Completed,3.2,Neutral,The process was faster and staff felt positive.,v1.0
TASK-0536,2026-03-13,Aarhus,HR,Status Update,Manual,38.2,0,No,Completed,4.2,Positive,The tool was not suitable for this exception.,v1.1
TASK-0537,2026-03-16,Copenhagen,HR,Email Triage,Automated,16.3,2,No,Completed,3.2,Neutral,The task was faster but still needed human review.,v1.2
TASK-0538,2026-03-19,Aalborg,HR,Email Triage,AI-assisted,22.1,0,No,Completed,4.1,Positive,Staff did not trust the first suggestion.,v1.0
TASK-0539,2026-03-22,Odense,HR,Email Triage,Manual,55.4,2,No,Completed,2.9,Concerned,No error was found after review.,v1.1
TASK-0540,2026-03-25,Aarhus,HR,Email Triage,Automated,47.1,2,Yes,Completed,3.1,Neutral,The automated step failed and required manual work.,v1.2
TASK-0541,2026-04-01,Copenhagen,Procurement,Data Entry,Manual,43.2,0,No,Completed,4.2,Positive,The result was clear and useful.,v1.0
TASK-0542,2026-04-04,Aalborg,Procurement,Data Entry,Automated,23.4,1,No,Completed,3.1,Neutral,Human review caught an important error.,v1.1
TASK-0543,2026-04-07,Odense,Procurement,Data Entry,AI-assisted,18.5,1,No,Completed,3.6,Neutral,The process was faster and staff felt positive.,v1.2
TASK-0544,2026-04-10,Aarhus,Procurement,Data Entry,Manual,50.8,2,No,Completed,3.0,Neutral,The tool was not suitable for this exception.,v1.0
TASK-0545,2026-04-13,Copenhagen,Procurement,Document Check,Automated,27.6,4,Yes,Needs correction,2.3,Concerned,The task was faster but still needed human review.,v1.1
TASK-0546,2026-04-16,Aalborg,Communications,Document Check,AI-assisted,33.5,3,Yes,Completed,2.6,Concerned,Staff did not trust the first suggestion.,v1.2
TASK-0547,2026-04-19,Odense,Communications,Document Check,Manual,32.8,1,No,Completed,3.2,Neutral,No error was found after review.,v1.0
TASK-0548,2026-04-22,Aarhus,Communications,Document Check,Automated,26.3,4,Yes,Needs correction,2.5,Concerned,The automated step failed and required manual work.,v1.1
TASK-0549,2026-04-25,Copenhagen,Communications,Scheduling,AI-assisted,18.1,1,Yes,Completed,3.6,Neutral,The result was clear and useful.,v1.2
TASK-0550,2026-04-01,Aalborg,Communications,Scheduling,Automated,35.1,1,Yes,Completed,4.1,Positive,Human review caught an important error.,v1.0
TASK-0551,2026-04-04,Odense,Finance,Scheduling,AI-assisted,54.0,2,Yes,Completed,3.0,Neutral,The process was faster and staff felt positive.,v1.1
TASK-0552,2026-04-07,Aarhus,Finance,Scheduling,Manual,42.5,3,No,Completed,2.8,Concerned,The tool was not suitable for this exception.,v1.2
TASK-0553,2026-04-10,Copenhagen,Finance,Status Update,Automated,18.3,2,No,Completed,3.1,Neutral,The task was faster but still needed human review.,v1.0
TASK-0554,2026-04-13,Aalborg,Finance,Status Update,AI-assisted,26.2,1,No,Completed,4.3,Positive,Staff did not trust the first suggestion.,v1.1
TASK-0555,2026-04-16,Odense,Finance,Status Update,Manual,66.8,0,No,Completed,4.6,Positive,No error was found after review.,v1.2
TASK-0556,2026-04-19,Aarhus,Citizen Services,Status Update,Automated,26.4,2,Yes,Completed,3.0,Neutral,The automated step failed and required manual work.,v1.0
TASK-0557,2026-04-22,Copenhagen,Citizen Services,Email Triage,AI-assisted,35.5,1,No,Completed,4.2,Positive,The result was clear and useful.,v1.1
TASK-0558,2026-04-25,Aalborg,Citizen Services,Email Triage,Manual,51.3,3,No,Completed,2.4,Concerned,Human review caught an important error.,v1.2
TASK-0559,2026-04-01,Odense,Citizen Services,Email Triage,AI-assisted,17.6,2,Yes,Completed,3.1,Neutral,The process was faster and staff felt positive.,v1.0
TASK-0560,2026-04-04,Aarhus,Citizen Services,Email Triage,Manual,66.8,3,No,Completed,2.8,Concerned,The tool was not suitable for this exception.,v1.1
TASK-0561,2026-05-07,Copenhagen,HR,Data Entry,Automated,16.5,1,Yes,Completed,3.7,Neutral,The task was faster but still needed human review.,v1.2
TASK-0562,2026-05-10,Aalborg,HR,Data Entry,AI-assisted,30.2,3,Yes,Completed,3.2,Neutral,Staff did not trust the first suggestion.,v1.0
TASK-0563,2026-05-13,Odense,HR,Data Entry,Manual,48.6,3,No,Completed,3.4,Neutral,No error was found after review.,v1.1
TASK-0564,2026-05-16,Aarhus,HR,Data Entry,Automated,25.6,2,No,Completed,3.1,Neutral,The automated step failed and required manual work.,v1.2
TASK-0565,2026-05-19,Copenhagen,HR,Document Check,AI-assisted,31.4,2,No,Completed,3.0,Neutral,The result was clear and useful.,v1.0
TASK-0566,2026-05-22,Aalborg,Procurement,Document Check,Manual,39.6,2,No,Completed,3.5,Neutral,Human review caught an important error.,v1.1
TASK-0567,2026-05-25,Odense,Procurement,Document Check,Automated,26.2,4,Yes,Needs correction,2.6,Concerned,The process was faster and staff felt positive.,v1.2
TASK-0568,2026-05-01,Aarhus,Procurement,Document Check,Manual,54.2,0,No,Completed,4.2,Positive,The tool was not suitable for this exception.,v1.0
TASK-0569,2026-05-04,Copenhagen,Procurement,Scheduling,Automated,18.0,1,Yes,Completed,3.5,Neutral,The task was faster but still needed human review.,v1.1
TASK-0570,2026-05-07,Aalborg,Procurement,Scheduling,AI-assisted,22.6,2,No,Completed,3.3,Neutral,Staff did not trust the first suggestion.,v1.2
TASK-0571,2026-05-10,Odense,Communications,Scheduling,Manual,36.1,0,No,Completed,4.7,Positive,No error was found after review.,v1.0
TASK-0572,2026-05-13,Aarhus,Communications,Scheduling,Automated,25.1,5,Yes,Needs correction,1.8,Concerned,The automated step failed and required manual work.,v1.1
TASK-0573,2026-05-16,Copenhagen,Communications,Status Update,AI-assisted,31.5,2,Yes,Completed,3.3,Neutral,The result was clear and useful.,v1.2
TASK-0574,2026-05-19,Aalborg,Communications,Status Update,Manual,50.5,2,No,Completed,3.3,Neutral,Human review caught an important error.,v1.0
TASK-0575,2026-05-22,Odense,Communications,Status Update,Automated,17.2,2,Yes,Completed,4.2,Positive,The process was faster and staff felt positive.,v1.1
TASK-0576,2026-05-25,Aarhus,Finance,Status Update,AI-assisted,47.6,2,Yes,Completed,3.6,Neutral,The tool was not suitable for this exception.,v1.2
TASK-0008,2026-01-22,Aarhus,Citizen Services,Document Check,Automated,14.1,3,Yes,Completed,3.0,Neutral,The tool was not suitable for this exception.,v1.1
TASK-0141,2026-02-16,Copenhagen,Procurement,Data Entry,AI-assisted,32.5,2,Yes,Completed,2.9,Concerned,The result was clear and useful.,v1.2
TASK-0321,2026-05-16,Copenhagen,Communications,Data Entry,Automated,18.4,2,Yes,Completed,3.4,Neutral,The task was faster but still needed human review.,v1.2
TASK-0501,2026-02-16,Copenhagen,Finance,Data Entry,Manual,45.2,0,No,Completed,4.3,Positive,The result was clear and useful.,v1.2
